Wilayah,Kecamatan,Periode,Jumlah_Penduduk,Kepadatan_Penduduk,Jumlah_UMKM,Jumlah_Sekolah,Fasilitas_Kesehatan,Fasilitas_Olahraga,Jumlah_Restoran,Ruang_Terbuka,Jumlah_Kendaraan,Cluster
Wilayah_001,Bogor Timur,Periode_01,17939,11181,650,22,9,6,104,4,6766,0
Wilayah_001,Bogor Timur,Periode_02,19971,9583,724,16,7,10,110,6,8274,0
Wilayah_001,Bogor Timur,Periode_03,19628,10180,638,21,10,6,95,6,8565,0
Wilayah_001,Bogor Timur,Periode_04,20606,11785,623,19,6,4,117,7,9358,0
Wilayah_001,Bogor Timur,Periode_05,15671,8898,610,17,7,5,93,6,7343,2
Wilayah_001,Bogor Timur,Periode_06,21527,9791,728,20,12,6,110,4,9089,0
Wilayah_001,Bogor Timur,Periode_07,21434,11154,667,18,12,9,141,6,11331,0
Wilayah_001,Bogor Timur,Periode_08,17123,10903,575,19,6,7,120,8,7446,0
Wilayah_001,Bogor Timur,Periode_09,17640,10286,657,22,10,8,139,6,7783,0
Wilayah_001,Bogor Timur,Periode_10,18781,10328,540,19,10,7,110,4,8241,0
Wilayah_001,Bogor Timur,Periode_11,18422,10599,661,12,8,10,114,3,7753,0
Wilayah_001,Bogor Timur,Periode_12,15504,10870,739,18,10,7,93,8,7352,0
Wilayah_001,Bogor Timur,Periode_13,16613,12459,693,23,8,7,105,7,8329,0
Wilayah_001,Bogor Timur,Periode_14,18786,8937,662,15,11,5,142,5,8292,0
Wilayah_001,Bogor Timur,Periode_15,20032,11465,784,20,12,12,108,6,8294,0
Wilayah_002,Bogor Tengah,Periode_01,20111,9179,789,19,12,7,97,5,8082,0
Wilayah_002,Bogor Tengah,Periode_02,16621,9061,544,13,10,8,108,2,8616,2
Wilayah_002,Bogor Tengah,Periode_03,16229,9900,572,19,8,2,85,7,7889,2
Wilayah_002,Bogor Tengah,Periode_04,18018,7636,749,17,5,6,106,6,8044,0
Wilayah_002,Bogor Tengah,Periode_05,17595,9925,619,16,8,5,86,2,7783,2
Wilayah_002,Bogor Tengah,Periode_06,14383,11189,434,13,10,5,108,4,5571,2
Wilayah_002,Bogor Tengah,Periode_07,17375,10309,493,13,9,6,88,5,7614,2
Wilayah_002,Bogor Tengah,Periode_08,14436,10963,517,17,9,2,118,4,7101,2
Wilayah_002,Bogor Tengah,Periode_09,15503,11518,483,16,7,9,93,4,6687,2
Wilayah_002,Bogor Tengah,Periode_10,18601,8708,527,15,9,7,139,5,9198,0
Wilayah_002,Bogor Tengah,Periode_11,14449,8101,524,15,7,8,111,4,5455,2
Wilayah_002,Bogor Tengah,Periode_12,16722,10151,840,17,10,9,107,6,7828,0
Wilayah_002,Bogor Tengah,Periode_13,18908,9794,640,18,11,7,119,4,8074,0
Wilayah_002,Bogor Tengah,Periode_14,15090,9388,404,20,6,9,80,7,6776,2
Wilayah_002,Bogor Tengah,Periode_15,14361,10157,487,16,7,6,109,8,5525,2
Wilayah_003,Bogor Tengah,Periode_01,21375,10291,791,18,9,9,131,7,10271,0
Wilayah_003,Bogor Tengah,Periode_02,18753,10714,724,18,9,11,135,3,8215,0
Wilayah_003,Bogor Tengah,Periode_03,20833,11951,779,21,10,5,117,5,9862,0
Wilayah_003,Bogor Tengah,Periode_04,18570,11738,758,18,10,8,132,8,8117,0
Wilayah_003,Bogor Tengah,Periode_05,19857,10745,719,23,12,7,116,4,8926,0
Wilayah_003,Bogor Tengah,Periode_06,17172,12526,662,20,10,4,101,5,7956,0
Wilayah_003,Bogor Tengah,Periode_07,21616,11016,764,17,10,8,142,7,10803,0
Wilayah_003,Bogor Tengah,Periode_08,18360,10868,720,15,11,7,92,8,7356,0
Wilayah_003,Bogor Tengah,Periode_09,18390,13252,719,17,8,8,92,9,8865,0
Wilayah_003,Bogor Tengah,Periode_10,20462,11356,628,20,10,8,121,2,8757,0
Wilayah_003,Bogor Tengah,Periode_11,18544,11057,613,21,8,7,118,7,8700,0
Wilayah_003,Bogor Tengah,Periode_12,17848,10008,600,20,14,7,144,6,8608,0
Wilayah_003,Bogor Tengah,Periode_13,19203,12167,723,23,8,9,135,3,8049,0
Wilayah_003,Bogor Tengah,Periode_14,17313,11241,432,17,13,9,122,6,8189,0
Wilayah_003,Bogor Tengah,Periode_15,19167,10962,505,19,7,9,123,5,8368,0
Wilayah_004,Bogor Tengah,Periode_01,16518,10500,606,20,8,4,86,6,7188,2
Wilayah_004,Bogor Tengah,Periode_02,19910,10064,666,15,8,6,145,5,8346,0
Wilayah_004,Bogor Tengah,Periode_03,17993,10626,567,18,10,7,111,6,8895,0
Wilayah_004,Bogor Tengah,Periode_04,19899,9467,734,20,7,4,115,5,9084,0
Wilayah_004,Bogor Tengah,Periode_05,17296,10499,535,16,7,2,103,5,8869,2
Wilayah_004,Bogor Tengah,Periode_06,19400,12385,797,24,6,5,114,7,8724,0
Wilayah_004,Bogor Tengah,Periode_07,14797,9668,417,21,9,7,126,6,6884,0
Wilayah_004,Bogor Tengah,Periode_08,20207,11407,567,26,8,8,121,4,10016,0
Wilayah_004,Bogor Tengah,Periode_09,19831,10424,624,17,10,3,132,9,7951,0
Wilayah_004,Bogor Tengah,Periode_10,19676,9193,879,16,9,7,118,7,9196,0
Wilayah_004,Bogor Tengah,Periode_11,19912,9798,597,18,10,8,122,6,9198,0
Wilayah_004,Bogor Tengah,Periode_12,18392,8859,621,20,13,8,142,5,8401,0
Wilayah_004,Bogor Tengah,Periode_13,19965,12806,572,14,6,5,111,6,8219,0
Wilayah_004,Bogor Tengah,Periode_14,20303,9351,640,19,9,9,118,8,9621,0
Wilayah_004,Bogor Tengah,Periode_15,18355,11199,569,23,9,7,93,4,7161,0
Wilayah_005,Bogor Timur,Periode_01,14143,7312,572,16,10,7,55,5,5835,2
Wilayah_005,Bogor Timur,Periode_02,14302,5841,620,16,7,6,64,8,6500,2
Wilayah_005,Bogor Timur,Periode_03,15926,8684,574,15,8,3,60,7,7258,2
Wilayah_005,Bogor Timur,Periode_04,15453,6788,530,14,9,2,111,4,6740,2
Wilayah_005,Bogor Timur,Periode_05,16462,5191,557,15,10,3,57,4,6845,2
Wilayah_005,Bogor Timur,Periode_06,12896,4739,447,13,8,9,104,4,5249,1
Wilayah_005,Bogor Timur,Periode_07,12909,8166,397,14,5,6,82,4,7094,2
Wilayah_005,Bogor Timur,Periode_08,10860,7670,500,6,9,8,47,4,4701,1
Wilayah_005,Bogor Timur,Periode_09,14824,8609,585,10,6,5,93,3,6626,2
Wilayah_005,Bogor Timur,Periode_10,13346,8842,376,12,8,3,97,4,5818,2
Wilayah_005,Bogor Timur,Periode_11,15123,8279,661,11,6,3,54,7,6184,2
Wilayah_005,Bogor Timur,Periode_12,12267,6108,477,10,11,1,114,5,5471,1
Wilayah_005,Bogor Timur,Periode_13,16566,7939,552,18,11,6,73,4,6810,2
Wilayah_005,Bogor Timur,Periode_14,13616,8211,398,15,4,7,92,5,6618,2
Wilayah_005,Bogor Timur,Periode_15,12551,8588,426,16,8,1,78,4,4930,1
Wilayah_006,Bogor Utara,Periode_01,18853,10495,694,19,9,8,106,5,7924,0
Wilayah_006,Bogor Utara,Periode_02,14986,10393,543,18,8,11,85,4,7571,0
Wilayah_006,Bogor Utara,Periode_03,17120,9262,593,17,8,8,126,4,7726,0
Wilayah_006,Bogor Utara,Periode_04,20931,11762,796,20,9,7,113,7,9277,0
Wilayah_006,Bogor Utara,Periode_05,18866,10343,617,12,9,7,97,5,8412,0
Wilayah_006,Bogor Utara,Periode_06,18933,11169,657,16,14,7,85,8,8091,0
Wilayah_006,Bogor Utara,Periode_07,24357,7183,956,22,5,7,133,7,11378,0
Wilayah_006,Bogor Utara,Periode_08,19924,9983,609,10,8,4,154,5,8626,0
Wilayah_006,Bogor Utara,Periode_09,13822,10563,316,12,9,8,121,3,6538,2
Wilayah_006,Bogor Utara,Periode_10,17797,9888,667,13,11,7,105,5,7770,0
Wilayah_006,Bogor Utara,Periode_11,20301,9720,702,19,12,7,81,6,10362,0
Wilayah_006,Bogor Utara,Periode_12,13873,14019,664,16,5,5,104,3,6208,2
Wilayah_006,Bogor Utara,Periode_13,19252,9131,751,17,9,8,108,6,9178,0
Wilayah_006,Bogor Utara,Periode_14,22856,11203,888,18,9,10,101,6,10152,0
Wilayah_006,Bogor Utara,Periode_15,16951,10600,542,18,9,7,118,5,7947,0
Wilayah_007,Bogor Selatan,Periode_01,18641,10125,717,13,9,7,120,3,9136,0
Wilayah_007,Bogor Selatan,Periode_02,16842,10420,715,17,10,8,110,5,7675,0
Wilayah_007,Bogor Selatan,Periode_03,16497,10331,432,20,8,7,113,5,7358,0
Wilayah_007,Bogor Selatan,Periode_04,15164,9455,681,13,5,8,98,4,7177,2
Wilayah_007,Bogor Selatan,Periode_05,18389,11694,625,14,9,8,85,8,8723,0
Wilayah_007,Bogor Selatan,Periode_06,16525,8619,693,17,11,7,115,6,7660,0
Wilayah_007,Bogor Selatan,Periode_07,17094,10509,698,19,7,7,113,4,7013,0
Wilayah_007,Bogor Selatan,Periode_08,17262,10275,549,20,8,6,73,5,6555,2
Wilayah_007,Bogor Selatan,Periode_09,20061,8809,731,19,9,6,102,5,10228,0
Wilayah_007,Bogor Selatan,Periode_10,18544,9856,651,18,5,6,94,4,8204,0
Wilayah_007,Bogor Selatan,Periode_11,19882,10869,656,16,10,5,139,6,9143,0
Wilayah_007,Bogor Selatan,Periode_12,20166,11381,662,21,9,11,94,8,9173,0
Wilayah_007,Bogor Selatan,Periode_13,14510,9486,557,21,15,6,90,7,5965,0
Wilayah_007,Bogor Selatan,Periode_14,19521,9812,549,19,10,6,135,4,8052,0
Wilayah_007,Bogor Selatan,Periode_15,16792,12523,579,23,6,5,121,6,7822,0
Wilayah_008,Bogor Utara,Periode_01,13581,10281,496,15,7,6,123,6,5926,2
Wilayah_008,Bogor Utara,Periode_02,12889,9971,358,18,9,6,117,3,6353,2
Wilayah_008,Bogor Utara,Periode_03,14561,9632,547,17,6,8,93,3,6338,2
Wilayah_008,Bogor Utara,Periode_04,15989,10313,627,20,11,6,109,7,7043,0
Wilayah_008,Bogor Utara,Periode_05,16454,9602,572,19,9,8,101,5,6405,0
Wilayah_008,Bogor Utara,Periode_06,15781,10231,541,20,4,12,86,6,6632,0
Wilayah_008,Bogor Utara,Periode_07,18850,8940,812,16,9,8,111,5,8664,0
Wilayah_008,Bogor Utara,Periode_08,18821,10058,622,17,9,7,83,6,7924,0
Wilayah_008,Bogor Utara,Periode_09,20551,10052,658,16,9,7,110,8,9474,0
Wilayah_008,Bogor Utara,Periode_10,15359,8568,621,18,10,8,125,5,6971,0
Wilayah_008,Bogor Utara,Periode_11,13556,8373,359,21,7,4,63,4,5438,2
Wilayah_008,Bogor Utara,Periode_12,16470,8848,663,21,4,5,103,7,7184,2
Wilayah_008,Bogor Utara,Periode_13,16519,8021,446,20,13,9,112,6,7860,0
Wilayah_008,Bogor Utara,Periode_14,18200,10159,621,18,9,4,86,4,8675,0
Wilayah_008,Bogor Utara,Periode_15,16120,10790,438,14,11,4,98,6,6769,2
Wilayah_009,Bogor Selatan,Periode_01,18289,9234,574,17,8,9,88,6,9503,0
Wilayah_009,Bogor Selatan,Periode_02,19481,8757,720,19,8,7,133,4,8237,0
Wilayah_009,Bogor Selatan,Periode_03,19303,11099,722,19,8,4,98,5,8646,0
Wilayah_009,Bogor Selatan,Periode_04,19791,9371,617,15,8,4,119,5,8987,0
Wilayah_009,Bogor Selatan,Periode_05,17630,8169,567,23,12,6,113,7,8274,0
Wilayah_009,Bogor Selatan,Periode_06,18170,11000,531,12,12,4,84,4,9216,2
Wilayah_009,Bogor Selatan,Periode_07,17935,10275,520,20,12,8,101,3,7320,0
Wilayah_009,Bogor Selatan,Periode_08,17058,7687,546,15,9,7,112,4,7937,2
Wilayah_009,Bogor Selatan,Periode_09,19626,9668,685,18,7,6,121,7,9218,0
Wilayah_009,Bogor Selatan,Periode_10,14177,11004,441,18,11,4,106,4,5792,2
Wilayah_009,Bogor Selatan,Periode_11,15079,9166,632,17,9,6,112,8,5788,2
Wilayah_009,Bogor Selatan,Periode_12,19895,11092,512,22,11,10,110,5,8727,0
Wilayah_009,Bogor Selatan,Periode_13,18044,9376,638,19,9,8,70,5,7608,0
Wilayah_009,Bogor Selatan,Periode_14,19650,9409,762,15,10,8,45,5,8808,0
Wilayah_009,Bogor Selatan,Periode_15,19112,8865,726,16,6,9,126,2,8319,0
Wilayah_010,Tanah Sareal,Periode_01,16650,10347,549,18,8,8,105,6,7128,0
Wilayah_010,Tanah Sareal,Periode_02,22172,12452,851,14,5,9,92,6,9392,0
Wilayah_010,Tanah Sareal,Periode_03,17484,12078,672,19,10,6,116,7,7469,0
Wilayah_010,Tanah Sareal,Periode_04,15379,11243,537,21,10,5,138,6,6906,0
Wilayah_010,Tanah Sareal,Periode_05,16412,12425,505,12,9,6,75,6,7488,2
Wilayah_010,Tanah Sareal,Periode_06,20021,12271,652,24,11,6,155,5,9380,0
Wilayah_010,Tanah Sareal,Periode_07,20524,10255,731,15,10,7,147,6,9280,0
Wilayah_010,Tanah Sareal,Periode_08,17180,11245,493,16,12,6,97,7,8323,0
Wilayah_010,Tanah Sareal,Periode_09,19833,11752,799,15,9,8,100,7,9537,0
Wilayah_010,Tanah Sareal,Periode_10,18413,12137,649,20,13,8,126,8,8103,0
Wilayah_010,Tanah Sareal,Periode_11,19608,10310,583,14,6,8,119,5,8657,0
Wilayah_010,Tanah Sareal,Periode_12,18830,12002,727,17,10,8,112,8,8718,0
Wilayah_010,Tanah Sareal,Periode_13,21852,9777,805,20,10,7,115,7,10122,0
Wilayah_010,Tanah Sareal,Periode_14,20568,11049,744,24,10,12,126,3,9632,0
Wilayah_010,Tanah Sareal,Periode_15,20670,10276,761,18,10,9,100,8,9090,0
Wilayah_011,Bogor Tengah,Periode_01,14722,8960,436,17,10,10,83,4,7038,2
Wilayah_011,Bogor Tengah,Periode_02,15208,8296,570,13,1,4,62,6,7153,1
Wilayah_011,Bogor Tengah,Periode_03,13255,6485,430,9,9,4,112,4,5854,1
Wilayah_011,Bogor Tengah,Periode_04,13267,7511,411,18,10,3,86,6,6394,2
Wilayah_011,Bogor Tengah,Periode_05,15576,6943,360,14,7,4,68,2,7395,1
Wilayah_011,Bogor Tengah,Periode_06,14352,8082,415,9,7,7,95,4,6482,2
Wilayah_011,Bogor Tengah,Periode_07,13700,9546,613,15,5,2,54,1,6511,1
Wilayah_011,Bogor Tengah,Periode_08,13661,6951,489,12,5,5,94,3,5670,1
Wilayah_011,Bogor Tengah,Periode_09,13942,7830,580,12,5,4,98,7,5617,2
Wilayah_011,Bogor Tengah,Periode_10,12049,7354,402,14,10,7,73,5,6049,2
Wilayah_011,Bogor Tengah,Periode_11,11775,8268,310,10,5,8,84,3,5485,1
Wilayah_011,Bogor Tengah,Periode_12,12636,8750,259,14,9,2,89,4,6261,1
Wilayah_011,Bogor Tengah,Periode_13,10319,8315,491,12,8,3,74,3,3576,1
Wilayah_011,Bogor Tengah,Periode_14,14222,9435,519,14,5,4,67,4,6719,2
Wilayah_011,Bogor Tengah,Periode_15,17256,9958,582,11,5,2,70,6,6663,2
Wilayah_012,Bogor Tengah,Periode_01,17236,10041,488,20,7,10,124,5,8396,0
Wilayah_012,Bogor Tengah,Periode_02,16737,10046,664,19,10,6,100,6,7258,0
Wilayah_012,Bogor Tengah,Periode_03,17929,8759,661,23,7,7,130,5,8294,0
Wilayah_012,Bogor Tengah,Periode_04,21240,11624,648,16,9,6,137,6,9155,0
Wilayah_012,Bogor Tengah,Periode_05,19806,10107,798,14,11,9,102,2,8608,0
Wilayah_012,Bogor Tengah,Periode_06,16563,11096,623,14,8,6,92,2,7835,2
Wilayah_012,Bogor Tengah,Periode_07,20165,11103,671,18,9,5,110,4,9668,0
Wilayah_012,Bogor Tengah,Periode_08,17408,10534,568,19,12,9,70,6,8347,0
Wilayah_012,Bogor Tengah,Periode_09,16642,10326,621,19,11,7,100,6,8438,0
Wilayah_012,Bogor Tengah,Periode_10,13051,7173,468,20,9,6,101,4,5762,2
Wilayah_012,Bogor Tengah,Periode_11,19492,10521,661,19,10,5,124,5,9175,0
Wilayah_012,Bogor Tengah,Periode_12,19394,9130,605,17,5,6,75,6,9252,0
Wilayah_012,Bogor Tengah,Periode_13,14345,11045,638,17,8,7,125,4,6574,0
Wilayah_012,Bogor Tengah,Periode_14,16537,10675,631,25,5,5,131,5,7884,0
Wilayah_012,Bogor Tengah,Periode_15,17696,11840,724,22,10,7,76,5,7541,0
Wilayah_013,Bogor Utara,Periode_01,17950,8800,700,18,11,8,112,4,7370,0
Wilayah_013,Bogor Utara,Periode_02,15040,7879,410,26,8,10,117,5,7155,0
Wilayah_013,Bogor Utara,Periode_03,16482,10520,536,18,11,6,130,5,7936,0
Wilayah_013,Bogor Utara,Periode_04,19680,10824,641,23,8,8,129,7,8273,0
Wilayah_013,Bogor Utara,Periode_05,19692,11404,659,20,12,8,103,6,9427,0
Wilayah_013,Bogor Utara,Periode_06,24735,8891,794,17,13,10,139,6,11587,0
Wilayah_013,Bogor Utara,Periode_07,18702,10520,761,21,12,7,121,9,7997,0
Wilayah_013,Bogor Utara,Periode_08,18664,10691,534,22,9,6,112,8,8464,0
Wilayah_013,Bogor Utara,Periode_09,18572,9306,825,15,9,8,110,6,8645,0
Wilayah_013,Bogor Utara,Periode_10,14976,11439,441,18,11,2,121,7,7402,2
Wilayah_013,Bogor Utara,Periode_11,17895,12336,648,22,8,7,95,6,7995,0
Wilayah_013,Bogor Utara,Periode_12,20591,8780,604,16,9,5,114,5,9801,0
Wilayah_013,Bogor Utara,Periode_13,14032,9436,492,19,10,6,115,7,5680,2
Wilayah_013,Bogor Utara,Periode_14,18485,10380,728,20,11,7,91,4,8691,0
Wilayah_013,Bogor Utara,Periode_15,18274,11100,665,18,11,6,99,8,8755,0
Wilayah_014,Bogor Tengah,Periode_01,10911,6940,336,7,7,5,105,3,5050,1
Wilayah_014,Bogor Tengah,Periode_02,14155,6533,525,12,8,4,41,5,5916,1
Wilayah_014,Bogor Tengah,Periode_03,11779,7265,218,20,6,7,67,4,6046,1
Wilayah_014,Bogor Tengah,Periode_04,13079,6795,442,15,7,1,85,4,5876,1
Wilayah_014,Bogor Tengah,Periode_05,12074,8119,510,11,5,7,64,2,5091,1
Wilayah_014,Bogor Tengah,Periode_06,15153,7592,588,13,5,5,88,5,7413,2
Wilayah_014,Bogor Tengah,Periode_07,14438,6056,522,9,6,1,44,3,6222,1
Wilayah_014,Bogor Tengah,Periode_08,7945,7232,278,9,7,6,44,2,3190,1
Wilayah_014,Bogor Tengah,Periode_09,11367,6790,453,11,7,1,71,4,5126,1
Wilayah_014,Bogor Tengah,Periode_10,15015,5406,283,12,10,7,77,3,7160,1
Wilayah_014,Bogor Tengah,Periode_11,11353,7260,506,8,6,3,89,1,5094,1
Wilayah_014,Bogor Tengah,Periode_12,10466,7159,300,15,6,4,67,4,5122,1
Wilayah_014,Bogor Tengah,Periode_13,10298,6649,298,14,5,6,61,3,5106,1
Wilayah_014,Bogor Tengah,Periode_14,14024,6852,512,10,1,4,99,5,6793,1
Wilayah_014,Bogor Tengah,Periode_15,15684,5710,633,12,5,4,76,4,6995,1
Wilayah_015,Bogor Timur,Periode_01,18723,9365,632,19,5,9,94,8,8621,0
Wilayah_015,Bogor Timur,Periode_02,19966,11143,759,17,8,7,103,9,8488,0
Wilayah_015,Bogor Timur,Periode_03,16979,9992,635,20,7,7,90,7,7728,0
Wilayah_015,Bogor Timur,Periode_04,16726,9334,681,17,10,8,116,5,7282,0
Wilayah_015,Bogor Timur,Periode_05,16198,9971,531,17,10,9,106,5,6725,0
Wilayah_015,Bogor Timur,Periode_06,17213,8918,500,15,11,9,144,8,8139,0
Wilayah_015,Bogor Timur,Periode_07,19109,11287,769,18,6,8,101,5,8747,0
Wilayah_015,Bogor Timur,Periode_08,20911,9621,924,18,8,7,110,6,8613,0
Wilayah_015,Bogor Timur,Periode_09,20356,12743,658,20,11,10,89,4,9170,0
Wilayah_015,Bogor Timur,Periode_10,20459,10891,633,22,7,5,110,7,9763,0
Wilayah_015,Bogor Timur,Periode_11,17039,10346,588,16,11,5,117,5,7721,0
Wilayah_015,Bogor Timur,Periode_12,20601,10703,846,17,7,9,113,7,9248,0
Wilayah_015,Bogor Timur,Periode_13,14654,11083,451,19,9,11,119,5,5839,0
Wilayah_015,Bogor Timur,Periode_14,18360,9378,747,15,12,9,104,5,8785,0
Wilayah_015,Bogor Timur,Periode_15,19986,10100,723,21,10,8,125,2,8748,0
Wilayah_016,Bogor Tengah,Periode_01,12977,8305,436,12,8,1,112,3,5960,1
Wilayah_016,Bogor Tengah,Periode_02,11437,6437,462,8,3,8,62,5,4603,1
Wilayah_016,Bogor Tengah,Periode_03,13884,7834,622,7,5,4,79,5,6171,1
Wilayah_016,Bogor Tengah,Periode_04,16225,6602,454,13,5,3,68,4,6610,1
Wilayah_016,Bogor Tengah,Periode_05,14754,7113,599,10,9,5,100,3,6614,2
Wilayah_016,Bogor Tengah,Periode_06,11946,8043,551,20,5,5,101,2,5084,2
Wilayah_016,Bogor Tengah,Periode_07,10473,8438,353,16,5,2,109,5,5411,1
Wilayah_016,Bogor Tengah,Periode_08,12769,8125,397,11,4,4,81,6,5569,1
Wilayah_016,Bogor Tengah,Periode_09,10696,7404,234,15,4,1,71,4,5058,1
Wilayah_016,Bogor Tengah,Periode_10,14460,7618,438,14,6,6,70,3,6298,1
Wilayah_016,Bogor Tengah,Periode_11,13280,8014,375,14,9,8,38,3,4993,1
Wilayah_016,Bogor Tengah,Periode_12,14230,6980,518,11,8,5,79,2,7344,2
Wilayah_016,Bogor Tengah,Periode_13,12889,4445,559,12,2,5,71,5,6305,1
Wilayah_016,Bogor Tengah,Periode_14,14845,6571,457,12,7,4,52,5,6484,1
Wilayah_016,Bogor Tengah,Periode_15,10796,5772,343,14,6,7,73,2,5156,1
Wilayah_017,Bogor Barat,Periode_01,10886,8890,368,11,7,6,98,6,4718,1
Wilayah_017,Bogor Barat,Periode_02,11340,7054,354,11,3,2,79,6,4796,1
Wilayah_017,Bogor Barat,Periode_03,10283,6291,240,11,6,2,61,2,4730,1
Wilayah_017,Bogor Barat,Periode_04,13467,7307,486,13,5,8,100,6,6566,2
Wilayah_017,Bogor Barat,Periode_05,11338,6306,478,13,8,5,85,2,5625,1
Wilayah_017,Bogor Barat,Periode_06,14936,7459,502,12,3,5,87,3,6931,1
Wilayah_017,Bogor Barat,Periode_07,13480,7198,489,11,6,6,70,1,6940,1
Wilayah_017,Bogor Barat,Periode_08,15918,8376,479,14,8,3,62,6,7012,2
Wilayah_017,Bogor Barat,Periode_09,12306,7694,470,14,7,6,87,2,5972,1
Wilayah_017,Bogor Barat,Periode_10,14725,7185,465,13,8,1,83,5,6491,2
Wilayah_017,Bogor Barat,Periode_11,13091,9151,351,15,5,8,114,3,5616,2
Wilayah_017,Bogor Barat,Periode_12,14472,6578,506,15,6,5,71,6,6003,2
Wilayah_017,Bogor Barat,Periode_13,11942,7071,481,14,8,7,72,3,4831,1
Wilayah_017,Bogor Barat,Periode_14,11625,4833,449,16,6,3,96,2,4549,1
Wilayah_017,Bogor Barat,Periode_15,12672,6385,457,22,7,4,95,5,5912,2
Wilayah_018,Bogor Barat,Periode_01,11278,3231,309,8,8,1,56,4,5280,1
Wilayah_018,Bogor Barat,Periode_02,9469,7173,166,12,8,3,83,6,4133,1
Wilayah_018,Bogor Barat,Periode_03,9610,5407,283,8,3,5,91,3,4435,1
Wilayah_018,Bogor Barat,Periode_04,11844,6966,533,9,4,2,103,5,5308,1
Wilayah_018,Bogor Barat,Periode_05,15015,6443,521,7,5,5,83,4,7423,1
Wilayah_018,Bogor Barat,Periode_06,9746,8068,320,11,6,4,80,5,4273,1
Wilayah_018,Bogor Barat,Periode_07,14339,5603,479,11,2,6,64,2,5187,1
Wilayah_018,Bogor Barat,Periode_08,12749,4729,339,10,6,5,70,3,6130,1
Wilayah_018,Bogor Barat,Periode_09,6413,5937,178,11,5,7,78,1,2187,1
Wilayah_018,Bogor Barat,Periode_10,10700,5773,463,9,4,6,49,3,3984,1
Wilayah_018,Bogor Barat,Periode_11,13996,3419,514,13,7,2,90,1,6951,1
Wilayah_018,Bogor Barat,Periode_12,9508,5190,231,16,6,5,92,3,3904,1
Wilayah_018,Bogor Barat,Periode_13,8010,7660,139,11,3,6,79,6,4315,1
Wilayah_018,Bogor Barat,Periode_14,6568,3529,223,12,8,9,87,4,3035,1
Wilayah_018,Bogor Barat,Periode_15,8555,3899,275,13,6,3,87,4,4257,1
Wilayah_019,Bogor Barat,Periode_01,12442,8744,392,14,5,8,98,4,5364,2
Wilayah_019,Bogor Barat,Periode_02,15772,9063,601,11,7,5,83,5,7813,2
Wilayah_019,Bogor Barat,Periode_03,11689,8985,515,16,9,9,103,5,6077,2
Wilayah_019,Bogor Barat,Periode_04,18961,7733,788,11,10,6,61,5,7482,2
Wilayah_019,Bogor Barat,Periode_05,15574,8814,600,19,7,4,107,6,7287,2
Wilayah_019,Bogor Barat,Periode_06,13145,10510,460,17,10,4,77,6,6757,2
Wilayah_019,Bogor Barat,Periode_07,12752,10338,522,15,8,8,101,5,5248,2
Wilayah_019,Bogor Barat,Periode_08,19620,8444,594,15,7,9,114,4,8753,0
Wilayah_019,Bogor Barat,Periode_09,11589,7976,480,15,8,7,94,4,5131,2
Wilayah_019,Bogor Barat,Periode_10,15455,9229,490,15,9,5,94,4,6856,2
Wilayah_019,Bogor Barat,Periode_11,16376,8525,519,13,6,4,55,4,6518,2
Wilayah_019,Bogor Barat,Periode_12,14416,6711,421,12,6,4,63,4,6577,1
Wilayah_019,Bogor Barat,Periode_13,12874,8553,521,13,3,5,110,5,5911,2
Wilayah_019,Bogor Barat,Periode_14,12493,8574,356,14,4,5,71,6,5347,1
Wilayah_019,Bogor Barat,Periode_15,10981,5368,427,19,9,7,78,6,5553,2
Wilayah_020,Bogor Barat,Periode_01,19164,9872,642,23,8,10,114,4,8789,0
Wilayah_020,Bogor Barat,Periode_02,19100,9001,703,9,9,9,106,8,8463,0
Wilayah_020,Bogor Barat,Periode_03,20826,9966,742,15,8,6,108,5,9958,0
Wilayah_020,Bogor Barat,Periode_04,17445,10846,735,23,11,5,98,6,8110,0
Wilayah_020,Bogor Barat,Periode_05,19752,10014,557,24,10,8,128,4,8953,0
Wilayah_020,Bogor Barat,Periode_06,15575,8800,434,18,7,5,116,6,7223,2
Wilayah_020,Bogor Barat,Periode_07,18127,10742,714,21,10,10,106,5,8460,0
Wilayah_020,Bogor Barat,Periode_08,21752,9513,663,19,8,11,96,6,9075,0
Wilayah_020,Bogor Barat,Periode_09,20077,10631,763,15,7,10,100,6,9277,0
Wilayah_020,Bogor Barat,Periode_10,21213,10889,764,13,9,7,100,6,10106,0
Wilayah_020,Bogor Barat,Periode_11,15673,9556,511,12,7,4,86,5,6852,2
Wilayah_020,Bogor Barat,Periode_12,15752,10507,621,12,9,12,116,5,6808,0
Wilayah_020,Bogor Barat,Periode_13,14365,7379,549,21,8,5,96,7,6237,2
Wilayah_020,Bogor Barat,Periode_14,15991,10127,448,16,8,5,86,7,6873,2
Wilayah_020,Bogor Barat,Periode_15,15232,8275,601,15,7,6,130,5,7142,2
Wilayah_021,Bogor Selatan,Periode_01,16233,11530,517,17,13,6,111,6,7418,0
Wilayah_021,Bogor Selatan,Periode_02,17474,9080,608,19,9,8,97,7,8774,0
Wilayah_021,Bogor Selatan,Periode_03,17065,10159,524,18,9,9,95,8,8011,0
Wilayah_021,Bogor Selatan,Periode_04,16849,11293,532,16,9,4,117,6,7715,0
Wilayah_021,Bogor Selatan,Periode_05,20711,10698,759,17,11,8,81,6,10004,0
Wilayah_021,Bogor Selatan,Periode_06,15859,9478,615,18,8,5,113,7,7289,0
Wilayah_021,Bogor Selatan,Periode_07,18218,10820,644,16,10,6,121,5,7553,0
Wilayah_021,Bogor Selatan,Periode_08,17373,12109,642,16,11,6,113,8,7102,0
Wilayah_021,Bogor Selatan,Periode_09,17828,9329,718,22,10,6,101,6,8060,0
Wilayah_021,Bogor Selatan,Periode_10,16303,10407,556,14,11,8,112,5,7190,0
Wilayah_021,Bogor Selatan,Periode_11,20852,9888,916,24,7,5,117,3,9164,0
Wilayah_021,Bogor Selatan,Periode_12,17303,9666,628,15,7,2,97,4,7294,2
Wilayah_021,Bogor Selatan,Periode_13,16322,10209,532,22,11,7,113,5,5923,0
Wilayah_021,Bogor Selatan,Periode_14,17330,8249,635,17,10,7,127,6,8213,0
Wilayah_021,Bogor Selatan,Periode_15,16906,9429,627,17,9,9,103,4,7190,0
Wilayah_022,Bogor Selatan,Periode_01,14882,7620,607,12,3,2,45,1,7327,1
Wilayah_022,Bogor Selatan,Periode_02,9461,4630,362,11,5,2,83,6,4015,1
Wilayah_022,Bogor Selatan,Periode_03,8607,5633,260,8,5,4,55,3,3832,1
Wilayah_022,Bogor Selatan,Periode_04,10749,6036,237,15,5,5,81,2,5073,1
Wilayah_022,Bogor Selatan,Periode_05,9981,5325,354,14,5,3,76,4,4217,1
Wilayah_022,Bogor Selatan,Periode_06,11456,5005,468,9,1,3,45,1,4536,1
Wilayah_022,Bogor Selatan,Periode_07,11083,6811,445,10,5,2,40,6,4554,1
Wilayah_022,Bogor Selatan,Periode_08,9606,5582,260,12,3,5,46,2,3589,1
Wilayah_022,Bogor Selatan,Periode_09,10199,6701,434,9,8,5,51,5,4018,1
Wilayah_022,Bogor Selatan,Periode_10,11846,8276,381,12,10,3,36,1,5687,1
Wilayah_022,Bogor Selatan,Periode_11,8094,7195,326,15,6,5,51,4,3444,1
Wilayah_022,Bogor Selatan,Periode_12,11500,6622,497,7,9,7,77,6,4346,1
Wilayah_022,Bogor Selatan,Periode_13,10364,6956,279,12,3,2,77,5,4826,1
Wilayah_022,Bogor Selatan,Periode_14,8230,7580,350,10,4,1,45,6,3063,1
Wilayah_022,Bogor Selatan,Periode_15,10634,6344,378,15,9,2,64,3,4386,1
Wilayah_023,Tanah Sareal,Periode_01,19226,9872,545,20,10,9,78,6,8534,0
Wilayah_023,Tanah Sareal,Periode_02,19462,9068,651,16,9,8,111,6,8637,0
Wilayah_023,Tanah Sareal,Periode_03,19053,6205,721,16,6,8,117,5,7997,0
Wilayah_023,Tanah Sareal,Periode_04,16578,11629,598,22,7,6,62,4,7368,2
Wilayah_023,Tanah Sareal,Periode_05,16001,11203,539,11,9,3,111,7,6707,2
Wilayah_023,Tanah Sareal,Periode_06,21099,9084,766,12,10,6,130,6,10042,0
Wilayah_023,Tanah Sareal,Periode_07,18503,7689,596,19,10,4,73,6,7797,2
Wilayah_023,Tanah Sareal,Periode_08,16933,11253,629,17,10,7,102,3,7709,0
Wilayah_023,Tanah Sareal,Periode_09,20386,11338,625,18,11,8,114,5,10037,0
Wilayah_023,Tanah Sareal,Periode_10,19600,10783,700,14,11,8,68,4,9341,0
Wilayah_023,Tanah Sareal,Periode_11,19904,9405,632,17,7,7,103,7,9713,0
Wilayah_023,Tanah Sareal,Periode_12,20217,8865,528,22,8,6,99,5,8714,0
Wilayah_023,Tanah Sareal,Periode_13,16281,9426,553,17,12,8,92,5,7161,0
Wilayah_023,Tanah Sareal,Periode_14,16052,12417,588,14,10,9,109,7,6451,0
Wilayah_023,Tanah Sareal,Periode_15,17194,7659,487,17,11,5,102,6,7254,2
Wilayah_024,Bogor Utara,Periode_01,11390,7107,196,13,6,4,106,2,4923,1
Wilayah_024,Bogor Utara,Periode_02,9202,8419,332,9,5,6,64,1,4303,1
Wilayah_024,Bogor Utara,Periode_03,13452,6887,581,12,8,5,93,4,6004,2
Wilayah_024,Bogor Utara,Periode_04,9295,7190,413,17,8,5,41,4,3886,1
Wilayah_024,Bogor Utara,Periode_05,11906,6118,383,10,3,4,59,1,6384,1
Wilayah_024,Bogor Utara,Periode_06,10990,6811,326,11,6,3,87,4,5218,1
Wilayah_024,Bogor Utara,Periode_07,10694,6794,267,10,6,3,65,3,4771,1
Wilayah_024,Bogor Utara,Periode_08,7796,6727,298,12,5,2,55,4,2951,1
Wilayah_024,Bogor Utara,Periode_09,14781,6150,512,8,5,7,81,2,5852,1
Wilayah_024,Bogor Utara,Periode_10,12125,7832,312,19,4,2,78,3,5208,1
Wilayah_024,Bogor Utara,Periode_11,12457,6971,431,13,5,7,53,6,4731,1
Wilayah_024,Bogor Utara,Periode_12,13003,6922,467,10,5,2,29,5,5929,1
Wilayah_024,Bogor Utara,Periode_13,10782,5425,507,9,3,4,106,1,4326,1
Wilayah_024,Bogor Utara,Periode_14,9712,6900,545,7,3,5,91,2,3559,1
Wilayah_024,Bogor Utara,Periode_15,12852,8235,474,13,9,2,69,3,4999,1
Wilayah_025,Bogor Barat,Periode_01,14224,7406,481,17,8,5,88,5,5956,2
Wilayah_025,Bogor Barat,Periode_02,15329,7876,604,13,8,3,115,7,7140,2
Wilayah_025,Bogor Barat,Periode_03,15264,8455,458,15,9,5,80,2,7669,2
Wilayah_025,Bogor Barat,Periode_04,18322,9023,673,19,10,7,130,3,8984,0
Wilayah_025,Bogor Barat,Periode_05,15960,8253,489,13,12,7,119,6,7212,2
Wilayah_025,Bogor Barat,Periode_06,15269,8489,588,17,7,5,97,4,6189,2
Wilayah_025,Bogor Barat,Periode_07,19887,9652,710,18,5,3,92,4,8911,0
Wilayah_025,Bogor Barat,Periode_08,18062,8512,742,15,8,8,74,6,8150,0
Wilayah_025,Bogor Barat,Periode_09,18663,10129,742,14,9,4,97,5,8475,0
Wilayah_025,Bogor Barat,Periode_10,16165,9058,766,19,9,7,107,6,7154,0
Wilayah_025,Bogor Barat,Periode_11,14625,10549,524,15,7,5,93,5,6165,2
Wilayah_025,Bogor Barat,Periode_12,17161,9018,656,18,10,6,103,5,7394,0
Wilayah_025,Bogor Barat,Periode_13,14639,10697,507,16,9,5,120,7,7318,2
Wilayah_025,Bogor Barat,Periode_14,12783,11233,438,16,10,10,95,4,5540,2
Wilayah_025,Bogor Barat,Periode_15,15178,8046,514,14,8,7,117,7,6860,2
Wilayah_026,Tanah Sareal,Periode_01,18287,9054,648,18,7,6,109,5,7023,0
Wilayah_026,Tanah Sareal,Periode_02,18681,11908,459,16,10,9,104,5,9016,0
Wilayah_026,Tanah Sareal,Periode_03,19431,10030,734,16,15,8,164,7,8463,0
Wilayah_026,Tanah Sareal,Periode_04,20720,11040,651,21,7,9,110,6,9756,0
Wilayah_026,Tanah Sareal,Periode_05,19513,10938,696,17,9,5,129,5,8885,0
Wilayah_026,Tanah Sareal,Periode_06,20090,11936,719,19,11,9,112,5,9364,0
Wilayah_026,Tanah Sareal,Periode_07,14532,11002,528,21,9,7,81,5,6967,2
Wilayah_026,Tanah Sareal,Periode_08,20610,9259,697,14,8,3,116,8,9046,0
Wilayah_026,Tanah Sareal,Periode_09,21222,11689,779,19,10,5,90,8,9465,0
Wilayah_026,Tanah Sareal,Periode_10,15924,7269,531,17,9,9,113,6,7693,0
Wilayah_026,Tanah Sareal,Periode_11,20414,10192,840,23,11,7,87,6,9695,0
Wilayah_026,Tanah Sareal,Periode_12,16945,11005,698,17,8,6,128,7,7642,0
Wilayah_026,Tanah Sareal,Periode_13,23324,13454,829,11,5,8,135,5,11546,0
Wilayah_026,Tanah Sareal,Periode_14,20114,11249,741,19,10,10,121,6,9620,0
Wilayah_026,Tanah Sareal,Periode_15,20162,8714,730,20,9,9,146,6,9418,0
Wilayah_027,Tanah Sareal,Periode_01,19394,9978,652,20,7,9,110,5,8425,0
Wilayah_027,Tanah Sareal,Periode_02,13922,9610,424,17,9,6,94,6,7091,2
Wilayah_027,Tanah Sareal,Periode_03,22075,13049,735,16,9,8,131,4,10124,0
Wilayah_027,Tanah Sareal,Periode_04,18523,11292,667,13,9,7,110,3,7890,0
Wilayah_027,Tanah Sareal,Periode_05,18533,6672,704,17,12,7,97,7,8915,0
Wilayah_027,Tanah Sareal,Periode_06,17031,11824,652,19,10,6,105,8,7192,0
Wilayah_027,Tanah Sareal,Periode_07,16402,11702,483,19,10,10,95,4,7322,0
Wilayah_027,Tanah Sareal,Periode_08,19895,10047,740,20,9,10,111,5,8146,0
Wilayah_027,Tanah Sareal,Periode_09,17921,8727,641,21,10,5,134,6,7134,0
Wilayah_027,Tanah Sareal,Periode_10,20003,9733,638,19,12,5,64,5,9458,0
Wilayah_027,Tanah Sareal,Periode_11,19415,9979,653,18,7,6,113,8,8152,0
Wilayah_027,Tanah Sareal,Periode_12,17820,10040,604,21,9,5,141,6,8403,0
Wilayah_027,Tanah Sareal,Periode_13,16391,9306,772,21,7,7,133,3,7414,0
Wilayah_027,Tanah Sareal,Periode_14,18467,10834,562,22,12,13,87,6,7269,0
Wilayah_027,Tanah Sareal,Periode_15,15892,10760,546,15,8,11,115,3,7426,0
Wilayah_028,Bogor Barat,Periode_01,13738,7586,437,15,6,5,75,4,7034,2
Wilayah_028,Bogor Barat,Periode_02,12368,8189,323,15,1,4,71,5,5576,1
Wilayah_028,Bogor Barat,Periode_03,11643,7764,353,16,6,4,52,4,4963,1
Wilayah_028,Bogor Barat,Periode_04,10326,8562,307,12,5,4,109,5,5077,1
Wilayah_028,Bogor Barat,Periode_05,10782,9567,368,10,4,7,80,5,5954,1
Wilayah_028,Bogor Barat,Periode_06,14456,7124,562,21,6,6,67,4,6735,2
Wilayah_028,Bogor Barat,Periode_07,14005,7887,409,11,10,6,95,4,6706,2
Wilayah_028,Bogor Barat,Periode_08,10673,6862,388,14,4,7,91,3,4034,1
Wilayah_028,Bogor Barat,Periode_09,13503,7510,452,9,6,4,74,3,6812,1
Wilayah_028,Bogor Barat,Periode_10,15987,7353,628,13,9,4,60,6,7137,2
Wilayah_028,Bogor Barat,Periode_11,13398,8843,530,15,8,5,69,3,5484,2
Wilayah_028,Bogor Barat,Periode_12,17182,8685,596,14,6,8,77,4,8304,2
Wilayah_028,Bogor Barat,Periode_13,11765,6321,581,10,8,5,74,2,5245,1
Wilayah_028,Bogor Barat,Periode_14,11966,7457,495,14,7,3,64,7,5017,1
Wilayah_028,Bogor Barat,Periode_15,16444,7284,583,13,7,5,31,4,7641,2
Wilayah_029,Bogor Barat,Periode_01,16234,6861,599,17,8,7,104,7,7348,2
Wilayah_029,Bogor Barat,Periode_02,16042,9719,586,18,11,3,108,7,7169,0
Wilayah_029,Bogor Barat,Periode_03,16455,9723,654,15,6,6,97,4,7317,2
Wilayah_029,Bogor Barat,Periode_04,20290,8423,705,17,11,5,123,5,8576,0
Wilayah_029,Bogor Barat,Periode_05,17304,9943,637,18,11,2,63,5,8335,2
Wilayah_029,Bogor Barat,Periode_06,16371,10031,617,12,8,3,116,4,6581,2
Wilayah_029,Bogor Barat,Periode_07,19642,9267,726,9,7,4,101,5,9237,0
Wilayah_029,Bogor Barat,Periode_08,15781,9634,554,16,6,9,122,8,8241,0
Wilayah_029,Bogor Barat,Periode_09,17336,11433,496,19,13,7,111,5,7015,0
Wilayah_029,Bogor Barat,Periode_10,21082,9543,647,15,5,6,133,6,10170,0
Wilayah_029,Bogor Barat,Periode_11,16059,10857,564,13,9,11,114,5,7764,0
Wilayah_029,Bogor Barat,Periode_12,16784,11287,603,22,10,5,101,2,7101,0
Wilayah_029,Bogor Barat,Periode_13,20345,9668,707,19,10,3,85,7,9089,0
Wilayah_029,Bogor Barat,Periode_14,16219,9902,408,14,8,4,67,6,7321,2
Wilayah_029,Bogor Barat,Periode_15,18853,11186,597,18,8,7,133,6,8738,0
Wilayah_030,Tanah Sareal,Periode_01,16763,10578,572,15,10,7,93,4,7136,2
Wilayah_030,Tanah Sareal,Periode_02,19640,9520,760,15,7,7,81,2,9379,0
Wilayah_030,Tanah Sareal,Periode_03,15557,9532,413,18,8,6,95,4,7354,2
Wilayah_030,Tanah Sareal,Periode_04,16380,11404,664,25,4,5,139,3,8266,0
Wilayah_030,Tanah Sareal,Periode_05,16936,12232,623,16,9,3,98,5,7697,0
Wilayah_030,Tanah Sareal,Periode_06,14394,10683,405,17,11,4,117,5,5994,2
Wilayah_030,Tanah Sareal,Periode_07,19829,12019,693,20,8,8,97,3,8919,0
Wilayah_030,Tanah Sareal,Periode_08,16489,9867,548,25,13,7,114,5,6895,0
Wilayah_030,Tanah Sareal,Periode_09,18369,8450,728,13,10,8,104,5,7774,0
Wilayah_030,Tanah Sareal,Periode_10,18893,10681,882,18,9,4,133,5,9330,0
Wilayah_030,Tanah Sareal,Periode_11,21600,8018,671,20,10,13,126,7,9338,0
Wilayah_030,Tanah Sareal,Periode_12,16276,10608,665,18,9,9,94,3,7223,0
Wilayah_030,Tanah Sareal,Periode_13,20272,10793,767,14,11,6,98,4,9271,0
Wilayah_030,Tanah Sareal,Periode_14,16864,9245,678,17,9,10,87,6,7498,0
Wilayah_030,Tanah Sareal,Periode_15,18599,8671,749,19,6,12,112,6,9491,0
Wilayah_031,Bogor Barat,Periode_01,9610,6817,297,9,6,3,69,2,4055,1
Wilayah_031,Bogor Barat,Periode_02,12768,4554,499,14,9,6,88,2,5167,1
Wilayah_031,Bogor Barat,Periode_03,11165,5450,299,12,9,7,80,5,5343,1
Wilayah_031,Bogor Barat,Periode_04,11647,4742,491,7,6,2,77,3,4443,1
Wilayah_031,Bogor Barat,Periode_05,11432,5967,400,16,3,5,76,2,5877,1
Wilayah_031,Bogor Barat,Periode_06,11861,3812,319,8,3,1,75,3,5527,1
Wilayah_031,Bogor Barat,Periode_07,12746,5524,442,12,6,5,51,2,5449,1
Wilayah_031,Bogor Barat,Periode_08,10018,6202,277,10,6,5,51,3,5045,1
Wilayah_031,Bogor Barat,Periode_09,15226,6914,615,15,7,4,89,4,7396,2
Wilayah_031,Bogor Barat,Periode_10,14568,7306,458,11,5,4,81,2,7528,1
Wilayah_031,Bogor Barat,Periode_11,13105,5487,469,10,4,6,65,3,6013,1
Wilayah_031,Bogor Barat,Periode_12,13120,7463,381,11,5,2,74,2,6231,1
Wilayah_031,Bogor Barat,Periode_13,14599,4486,491,12,4,2,71,3,6572,1
Wilayah_031,Bogor Barat,Periode_14,13536,5700,449,13,4,3,63,2,7001,1
Wilayah_031,Bogor Barat,Periode_15,9957,6209,406,11,8,4,99,3,4095,1
Wilayah_032,Bogor Barat,Periode_01,18260,10059,557,20,9,4,74,4,8635,2
Wilayah_032,Bogor Barat,Periode_02,19379,8542,683,16,8,3,85,5,9168,0
Wilayah_032,Bogor Barat,Periode_03,19376,10526,608,13,11,7,112,7,7409,0
Wilayah_032,Bogor Barat,Periode_04,17736,10805,528,16,7,2,105,4,8733,2
Wilayah_032,Bogor Barat,Periode_05,16756,9005,591,16,9,7,113,1,7723,2
Wilayah_032,Bogor Barat,Periode_06,17271,9309,730,19,7,7,90,4,7701,0
Wilayah_032,Bogor Barat,Periode_07,19504,10008,728,16,11,4,100,5,8721,0
Wilayah_032,Bogor Barat,Periode_08,16583,9692,549,20,12,8,71,4,7373,0
Wilayah_032,Bogor Barat,Periode_09,15586,9815,469,17,8,7,76,6,7522,2
Wilayah_032,Bogor Barat,Periode_10,14251,9465,414,20,8,9,109,4,6538,2
Wilayah_032,Bogor Barat,Periode_11,17468,9866,520,20,11,4,92,4,8165,0
Wilayah_032,Bogor Barat,Periode_12,13862,11090,503,17,9,13,119,4,5397,0
Wilayah_032,Bogor Barat,Periode_13,20740,10129,768,18,11,7,95,4,8801,0
Wilayah_032,Bogor Barat,Periode_14,20415,9927,753,13,9,5,112,7,9331,0
Wilayah_032,Bogor Barat,Periode_15,17155,10590,533,17,11,8,113,4,7199,0
Wilayah_033,Bogor Selatan,Periode_01,16321,9828,528,19,6,9,97,7,6709,0
Wilayah_033,Bogor Selatan,Periode_02,20187,10629,788,17,7,8,94,5,9216,0
Wilayah_033,Bogor Selatan,Periode_03,19389,10339,492,20,9,9,89,1,8864,0
Wilayah_033,Bogor Selatan,Periode_04,18378,10194,475,13,10,7,135,4,8115,0
Wilayah_033,Bogor Selatan,Periode_05,17048,10633,584,14,10,3,72,7,7925,2
Wilayah_033,Bogor Selatan,Periode_06,17655,9283,553,22,9,8,92,5,7776,0
Wilayah_033,Bogor Selatan,Periode_07,20571,8019,772,15,10,6,132,4,9570,0
Wilayah_033,Bogor Selatan,Periode_08,16342,10281,465,20,9,3,115,7,7994,0
Wilayah_033,Bogor Selatan,Periode_09,21550,8892,801,20,5,7,100,4,10372,0
Wilayah_033,Bogor Selatan,Periode_10,17173,10078,530,18,10,6,134,4,7584,0
Wilayah_033,Bogor Selatan,Periode_11,18562,10891,439,25,10,7,130,9,8788,0
Wilayah_033,Bogor Selatan,Periode_12,18588,9985,672,15,8,4,96,2,8211,2
Wilayah_033,Bogor Selatan,Periode_13,20241,9689,954,22,7,7,98,4,8438,0
Wilayah_033,Bogor Selatan,Periode_14,17586,11017,664,15,8,8,94,7,8218,0
Wilayah_033,Bogor Selatan,Periode_15,18263,10886,689,16,8,10,113,7,7807,0
Wilayah_034,Bogor Selatan,Periode_01,16045,10374,615,16,8,12,120,4,6352,0
Wilayah_034,Bogor Selatan,Periode_02,17803,9816,607,15,1,10,105,5,8173,0
Wilayah_034,Bogor Selatan,Periode_03,16256,8757,422,22,7,5,93,5,8198,2
Wilayah_034,Bogor Selatan,Periode_04,16543,9438,655,18,7,4,100,4,7408,2
Wilayah_034,Bogor Selatan,Periode_05,19516,9772,573,16,11,9,128,7,8695,0
Wilayah_034,Bogor Selatan,Periode_06,20265,11537,794,18,12,7,92,5,8616,0
Wilayah_034,Bogor Selatan,Periode_07,12555,10074,363,16,8,4,124,7,6165,2
Wilayah_034,Bogor Selatan,Periode_08,17234,9765,622,13,8,7,127,3,8636,0
Wilayah_034,Bogor Selatan,Periode_09,16730,8669,540,12,10,7,95,4,8217,2
Wilayah_034,Bogor Selatan,Periode_10,13238,7526,365,20,10,7,79,4,5528,2
Wilayah_034,Bogor Selatan,Periode_11,15984,11732,521,18,10,7,92,7,7449,0
Wilayah_034,Bogor Selatan,Periode_12,18313,11209,555,20,8,10,116,5,8122,0
Wilayah_034,Bogor Selatan,Periode_13,17522,12581,669,19,8,7,147,4,8113,0
Wilayah_034,Bogor Selatan,Periode_14,18498,12378,696,22,11,9,111,6,8451,0
Wilayah_034,Bogor Selatan,Periode_15,16784,9655,684,21,11,5,112,8,6643,0
Wilayah_035,Bogor Tengah,Periode_01,14078,8628,474,14,6,6,83,1,6805,2
Wilayah_035,Bogor Tengah,Periode_02,12484,7228,329,15,6,5,109,4,5762,1
Wilayah_035,Bogor Tengah,Periode_03,11489,5679,340,16,10,6,108,4,6041,2
Wilayah_035,Bogor Tengah,Periode_04,16126,7731,478,16,11,5,89,4,6899,2
Wilayah_035,Bogor Tengah,Periode_05,15512,7298,579,9,6,5,57,3,7136,1
Wilayah_035,Bogor Tengah,Periode_06,13074,6710,463,16,8,5,82,5,5984,2
Wilayah_035,Bogor Tengah,Periode_07,13647,6400,497,10,11,4,92,4,5524,2
Wilayah_035,Bogor Tengah,Periode_08,10626,5731,437,9,6,4,79,5,4439,1
Wilayah_035,Bogor Tengah,Periode_09,12570,6635,487,15,6,5,90,5,5676,1
Wilayah_035,Bogor Tengah,Periode_10,15325,8206,594,11,5,4,90,6,6692,2
Wilayah_035,Bogor Tengah,Periode_11,15049,6218,518,16,4,6,80,1,6831,1
Wilayah_035,Bogor Tengah,Periode_12,11965,7409,328,14,3,5,81,5,5871,1
Wilayah_035,Bogor Tengah,Periode_13,11319,6966,304,14,9,3,43,6,5870,1
Wilayah_035,Bogor Tengah,Periode_14,8543,7892,263,12,7,7,45,3,3951,1
Wilayah_035,Bogor Tengah,Periode_15,12477,4684,418,17,5,2,88,5,5321,1
Wilayah_036,Bogor Timur,Periode_01,18194,12152,475,9,13,8,94,6,8308,0
Wilayah_036,Bogor Timur,Periode_02,16715,8945,598,16,13,7,76,8,7205,0
Wilayah_036,Bogor Timur,Periode_03,15752,11290,602,16,8,9,90,7,6962,0
Wilayah_036,Bogor Timur,Periode_04,17456,8965,495,19,12,5,113,3,7577,2
Wilayah_036,Bogor Timur,Periode_05,17895,10950,550,13,8,2,79,8,7269,2
Wilayah_036,Bogor Timur,Periode_06,18279,11878,730,15,11,6,96,5,8144,0
Wilayah_036,Bogor Timur,Periode_07,19632,10928,580,18,11,8,147,6,8651,0
Wilayah_036,Bogor Timur,Periode_08,18325,9421,448,19,11,4,115,4,8062,0
Wilayah_036,Bogor Timur,Periode_09,19027,9693,520,14,12,3,130,7,8416,0
Wilayah_036,Bogor Timur,Periode_10,16845,8890,534,13,3,6,96,5,7074,2
Wilayah_036,Bogor Timur,Periode_11,18771,10991,674,18,10,7,95,7,8525,0
Wilayah_036,Bogor Timur,Periode_12,15283,9542,634,20,7,6,117,6,7364,0
Wilayah_036,Bogor Timur,Periode_13,18940,9666,742,15,9,12,114,5,8311,0
Wilayah_036,Bogor Timur,Periode_14,17565,9803,744,22,13,10,147,6,7452,0
Wilayah_036,Bogor Timur,Periode_15,15660,11371,581,19,5,6,85,9,7619,0
Wilayah_037,Bogor Timur,Periode_01,18643,11063,609,19,5,5,69,5,8366,0
Wilayah_037,Bogor Timur,Periode_02,15896,8841,559,16,8,1,79,6,7555,2
Wilayah_037,Bogor Timur,Periode_03,14575,8318,422,16,9,8,148,2,6863,2
Wilayah_037,Bogor Timur,Periode_04,15027,10460,440,19,8,6,86,5,6247,2
Wilayah_037,Bogor Timur,Periode_05,15074,7055,471,17,9,7,76,6,6903,2
Wilayah_037,Bogor Timur,Periode_06,16921,9743,527,14,5,7,79,5,7910,2
Wilayah_037,Bogor Timur,Periode_07,12883,11049,434,20,8,5,88,7,5442,2
Wilayah_037,Bogor Timur,Periode_08,17614,10489,612,14,8,1,116,5,6723,2
Wilayah_037,Bogor Timur,Periode_09,17027,7540,541,15,9,6,114,4,7633,2
Wilayah_037,Bogor Timur,Periode_10,18907,8831,585,15,6,7,116,6,8439,0
Wilayah_037,Bogor Timur,Periode_11,16098,7980,528,17,12,4,119,7,6929,2
Wilayah_037,Bogor Timur,Periode_12,16314,7294,549,17,12,8,91,6,7754,0
Wilayah_037,Bogor Timur,Periode_13,18244,10127,608,15,8,10,99,5,7968,0
Wilayah_037,Bogor Timur,Periode_14,19180,11090,754,17,10,7,100,3,9114,0
Wilayah_037,Bogor Timur,Periode_15,15048,10895,496,23,9,4,100,4,5674,2
Wilayah_038,Tanah Sareal,Periode_01,21804,11054,768,18,10,5,76,4,9759,0
Wilayah_038,Tanah Sareal,Periode_02,15858,10002,565,20,10,7,129,3,7388,0
Wilayah_038,Tanah Sareal,Periode_03,18542,10909,468,15,8,5,123,6,7649,0
Wilayah_038,Tanah Sareal,Periode_04,18941,10040,766,15,12,7,104,9,7995,0
Wilayah_038,Tanah Sareal,Periode_05,17913,10949,496,13,13,6,120,8,6903,0
Wilayah_038,Tanah Sareal,Periode_06,17653,11766,540,19,9,8,106,3,7981,0
Wilayah_038,Tanah Sareal,Periode_07,21382,7965,498,18,9,7,103,9,9737,0
Wilayah_038,Tanah Sareal,Periode_08,19442,8974,680,16,8,6,90,3,8414,0
Wilayah_038,Tanah Sareal,Periode_09,18312,10528,538,20,13,5,129,5,8993,0
Wilayah_038,Tanah Sareal,Periode_10,20029,12020,656,17,8,7,127,3,9217,0
Wilayah_038,Tanah Sareal,Periode_11,15691,8440,604,19,8,10,96,5,7445,0
Wilayah_038,Tanah Sareal,Periode_12,18460,10217,698,23,11,7,98,2,8222,0
Wilayah_038,Tanah Sareal,Periode_13,16734,10070,599,23,8,7,85,6,7729,0
Wilayah_038,Tanah Sareal,Periode_14,16945,10612,533,20,9,7,93,7,8667,0
Wilayah_038,Tanah Sareal,Periode_15,17106,9789,642,18,12,3,100,8,7979,0
Wilayah_039,Bogor Selatan,Periode_01,21966,8997,692,19,8,9,129,5,9502,0
Wilayah_039,Bogor Selatan,Periode_02,19475,9648,846,13,7,7,73,2,7776,0
Wilayah_039,Bogor Selatan,Periode_03,16310,9601,634,20,10,7,94,4,6485,0
Wilayah_039,Bogor Selatan,Periode_04,18686,11431,679,18,5,10,103,7,8351,0
Wilayah_039,Bogor Selatan,Periode_05,20459,10952,751,18,12,2,112,7,8260,0
Wilayah_039,Bogor Selatan,Periode_06,20014,11086,673,15,9,5,118,8,9419,0
Wilayah_039,Bogor Selatan,Periode_07,19415,9536,578,18,8,3,85,8,8406,0
Wilayah_039,Bogor Selatan,Periode_08,21387,8302,676,17,10,7,98,7,9559,0
Wilayah_039,Bogor Selatan,Periode_09,15458,12626,508,18,12,7,111,7,7100,0
Wilayah_039,Bogor Selatan,Periode_10,18275,10579,594,20,10,4,133,3,8674,0
Wilayah_039,Bogor Selatan,Periode_11,16859,10613,659,15,4,6,106,4,7208,2
Wilayah_039,Bogor Selatan,Periode_12,18033,9236,652,20,8,8,84,4,7894,0
Wilayah_039,Bogor Selatan,Periode_13,20890,11825,704,17,12,11,110,4,9165,0
Wilayah_039,Bogor Selatan,Periode_14,19865,12194,778,19,12,7,100,6,8524,0
Wilayah_039,Bogor Selatan,Periode_15,17635,9283,526,23,10,5,111,5,7449,0
Wilayah_040,Bogor Tengah,Periode_01,17074,9651,530,9,10,4,102,3,7550,2
Wilayah_040,Bogor Tengah,Periode_02,21483,10106,699,15,12,4,67,5,9824,0
Wilayah_040,Bogor Tengah,Periode_03,16937,9609,559,10,11,4,88,6,7023,2
Wilayah_040,Bogor Tengah,Periode_04,13400,8966,464,20,5,7,83,6,5576,2
Wilayah_040,Bogor Tengah,Periode_05,19118,6720,627,15,7,9,121,5,7706,0
Wilayah_040,Bogor Tengah,Periode_06,15266,9649,474,13,9,4,74,7,7113,2
Wilayah_040,Bogor Tengah,Periode_07,18940,8407,688,9,11,7,72,3,9359,2
Wilayah_040,Bogor Tengah,Periode_08,15399,7361,596,15,6,3,119,4,7524,2
Wilayah_040,Bogor Tengah,Periode_09,18847,9433,746,16,3,6,118,4,8287,0
Wilayah_040,Bogor Tengah,Periode_10,11751,9270,348,21,9,7,97,5,4461,2
Wilayah_040,Bogor Tengah,Periode_11,14925,10163,434,20,9,7,100,2,6285,2
Wilayah_040,Bogor Tengah,Periode_12,17377,8311,562,19,10,5,96,4,9265,0
Wilayah_040,Bogor Tengah,Periode_13,17826,10860,497,20,13,3,113,5,7249,0
Wilayah_040,Bogor Tengah,Periode_14,19444,10200,592,11,6,5,101,4,9101,2
Wilayah_040,Bogor Tengah,Periode_15,16293,9240,618,15,12,5,137,5,6644,0
Wilayah_041,Tanah Sareal,Periode_01,16811,8534,482,12,5,4,84,6,7342,2
Wilayah_041,Tanah Sareal,Periode_02,17536,10644,683,13,5,10,90,4,8584,0
Wilayah_041,Tanah Sareal,Periode_03,18494,10097,455,15,9,5,74,8,8377,2
Wilayah_041,Tanah Sareal,Periode_04,15518,9792,473,12,7,4,112,5,7261,2
Wilayah_041,Tanah Sareal,Periode_05,17613,10382,667,14,8,8,95,4,7610,0
Wilayah_041,Tanah Sareal,Periode_06,16873,10461,501,12,7,4,89,4,7637,2
Wilayah_041,Tanah Sareal,Periode_07,17449,9039,515,13,9,8,93,3,8379,2
Wilayah_041,Tanah Sareal,Periode_08,15420,9077,615,17,9,6,92,4,7182,2
Wilayah_041,Tanah Sareal,Periode_09,18097,9465,549,12,8,6,107,5,8872,0
Wilayah_041,Tanah Sareal,Periode_10,13802,8885,509,15,9,4,77,7,7261,2
Wilayah_041,Tanah Sareal,Periode_11,13220,8868,495,12,9,9,82,5,6053,2
Wilayah_041,Tanah Sareal,Periode_12,16236,10317,557,14,9,5,99,5,7060,2
Wilayah_041,Tanah Sareal,Periode_13,15194,10205,531,14,6,2,104,2,6440,2
Wilayah_041,Tanah Sareal,Periode_14,16879,8725,542,17,8,6,82,4,8510,2
Wilayah_041,Tanah Sareal,Periode_15,13799,7511,497,18,11,6,72,5,5796,2
Wilayah_042,Bogor Tengah,Periode_01,15668,8954,490,17,5,6,72,4,6535,2
Wilayah_042,Bogor Tengah,Periode_02,12405,9373,471,10,7,4,105,6,4861,2
Wilayah_042,Bogor Tengah,Periode_03,15800,8675,509,20,7,4,67,6,6824,2
Wilayah_042,Bogor Tengah,Periode_04,10738,9704,204,14,10,10,81,2,5477,1
Wilayah_042,Bogor Tengah,Periode_05,14762,7385,447,16,8,5,71,5,5860,2
Wilayah_042,Bogor Tengah,Periode_06,10456,9381,260,9,7,9,100,2,4033,1
Wilayah_042,Bogor Tengah,Periode_07,15063,8124,430,19,9,7,82,2,7754,2
Wilayah_042,Bogor Tengah,Periode_08,15768,8139,641,15,5,5,105,5,7075,2
Wilayah_042,Bogor Tengah,Periode_09,11033,6596,348,13,7,4,68,8,5898,1
Wilayah_042,Bogor Tengah,Periode_10,17965,6858,801,9,6,6,59,3,7541,2
Wilayah_042,Bogor Tengah,Periode_11,14122,7994,603,18,7,5,121,5,6190,2
Wilayah_042,Bogor Tengah,Periode_12,13591,7262,439,18,9,5,106,1,6511,2
Wilayah_042,Bogor Tengah,Periode_13,11545,8053,328,18,9,4,96,5,5516,2
Wilayah_042,Bogor Tengah,Periode_14,12748,7305,448,11,4,8,47,4,6116,1
Wilayah_042,Bogor Tengah,Periode_15,14164,7109,469,18,9,5,93,3,6443,2
Wilayah_043,Bogor Tengah,Periode_01,20856,9235,606,19,11,10,104,5,9265,0
Wilayah_043,Bogor Tengah,Periode_02,18825,10721,756,16,12,6,72,7,8231,0
Wilayah_043,Bogor Tengah,Periode_03,15626,10630,592,18,11,11,109,6,6591,0
Wilayah_043,Bogor Tengah,Periode_04,16839,9089,675,17,7,7,96,6,7370,0
Wilayah_043,Bogor Tengah,Periode_05,20133,7223,575,15,8,8,91,6,8667,0
Wilayah_043,Bogor Tengah,Periode_06,16096,12133,538,19,10,7,96,7,6985,0
Wilayah_043,Bogor Tengah,Periode_07,20026,10793,765,16,8,7,119,5,9398,0
Wilayah_043,Bogor Tengah,Periode_08,18230,12362,618,15,9,8,112,7,8536,0
Wilayah_043,Bogor Tengah,Periode_09,18322,8845,709,16,9,5,118,5,8581,0
Wilayah_043,Bogor Tengah,Periode_10,15903,9538,527,16,9,4,90,8,7357,2
Wilayah_043,Bogor Tengah,Periode_11,20280,9424,749,18,12,2,127,5,8754,0
Wilayah_043,Bogor Tengah,Periode_12,16091,10572,443,16,7,6,121,5,7398,2
Wilayah_043,Bogor Tengah,Periode_13,18109,11004,673,17,6,6,134,7,8296,0
Wilayah_043,Bogor Tengah,Periode_14,15517,7684,526,15,11,7,129,5,6925,2
Wilayah_043,Bogor Tengah,Periode_15,17812,9565,625,16,13,11,133,5,7814,0
Wilayah_044,Bogor Utara,Periode_01,17921,10083,598,22,12,8,112,6,8338,0
Wilayah_044,Bogor Utara,Periode_02,20568,11030,675,20,8,10,139,5,8941,0
Wilayah_044,Bogor Utara,Periode_03,13987,10276,477,17,13,8,106,6,7001,0
Wilayah_044,Bogor Utara,Periode_04,15911,11947,619,16,8,6,74,6,7023,2
Wilayah_044,Bogor Utara,Periode_05,20287,10241,610,22,7,8,84,7,9059,0
Wilayah_044,Bogor Utara,Periode_06,16529,11836,510,17,11,6,115,5,7502,0
Wilayah_044,Bogor Utara,Periode_07,15129,9502,446,21,10,7,128,3,7185,2
Wilayah_044,Bogor Utara,Periode_08,19005,13863,646,14,11,10,116,5,9031,0
Wilayah_044,Bogor Utara,Periode_09,20863,11432,667,13,8,5,126,7,9476,0
Wilayah_044,Bogor Utara,Periode_10,22234,10555,879,20,7,10,142,7,9624,0
Wilayah_044,Bogor Utara,Periode_11,16973,11573,797,19,13,3,89,7,6767,0
Wilayah_044,Bogor Utara,Periode_12,19895,10815,697,16,11,8,142,8,8609,0
Wilayah_044,Bogor Utara,Periode_13,21451,10230,711,16,6,1,136,4,10436,0
Wilayah_044,Bogor Utara,Periode_14,19106,11563,667,22,11,6,109,4,8543,0
Wilayah_044,Bogor Utara,Periode_15,22113,12326,812,23,9,9,113,1,9405,0
Wilayah_045,Bogor Barat,Periode_01,15563,8800,541,19,9,7,108,4,8089,2
Wilayah_045,Bogor Barat,Periode_02,13095,8394,539,18,11,4,92,8,5769,2
Wilayah_045,Bogor Barat,Periode_03,12550,11715,356,12,5,6,71,3,5303,1
Wilayah_045,Bogor Barat,Periode_04,16965,11153,648,12,10,7,93,4,7908,0
Wilayah_045,Bogor Barat,Periode_05,10962,10107,451,13,5,4,97,5,5454,2
Wilayah_045,Bogor Barat,Periode_06,15971,8042,549,15,8,7,107,3,6936,2
Wilayah_045,Bogor Barat,Periode_07,15540,6124,603,16,11,5,110,3,5640,2
Wilayah_045,Bogor Barat,Periode_08,14545,10354,437,14,8,2,99,2,6828,2
Wilayah_045,Bogor Barat,Periode_09,15271,7936,577,14,11,7,79,6,6667,2
Wilayah_045,Bogor Barat,Periode_10,17295,10196,667,22,9,8,66,6,8370,0
Wilayah_045,Bogor Barat,Periode_11,14802,9405,499,8,7,4,92,5,6853,2
Wilayah_045,Bogor Barat,Periode_12,13216,8993,467,12,5,4,90,8,6477,2
Wilayah_045,Bogor Barat,Periode_13,19272,10184,648,16,8,6,114,4,8422,0
Wilayah_045,Bogor Barat,Periode_14,10275,7655,324,20,8,4,99,8,4563,2
Wilayah_045,Bogor Barat,Periode_15,18624,7199,536,10,6,6,84,3,8900,2
Wilayah_046,Tanah Sareal,Periode_01,19257,10451,474,16,11,5,102,4,9557,0
Wilayah_046,Tanah Sareal,Periode_02,16557,10285,691,19,8,7,111,7,7430,0
Wilayah_046,Tanah Sareal,Periode_03,19752,7999,659,13,6,5,89,4,9147,2
Wilayah_046,Tanah Sareal,Periode_04,17021,9841,628,18,9,4,125,5,7699,0
Wilayah_046,Tanah Sareal,Periode_05,21224,11035,727,18,12,2,113,9,9691,0
Wilayah_046,Tanah Sareal,Periode_06,18742,10562,642,14,12,5,119,3,8326,0
Wilayah_046,Tanah Sareal,Periode_07,20983,11494,735,17,8,8,98,7,8876,0
Wilayah_046,Tanah Sareal,Periode_08,15438,9214,583,19,13,5,127,6,6126,0
Wilayah_046,Tanah Sareal,Periode_09,15918,7231,690,15,9,5,118,5,6510,2
Wilayah_046,Tanah Sareal,Periode_10,13495,11476,607,10,8,6,103,7,5839,2
Wilayah_046,Tanah Sareal,Periode_11,17572,12442,761,15,10,8,95,3,7901,0
Wilayah_046,Tanah Sareal,Periode_12,14622,9544,535,23,8,8,77,7,5719,2
Wilayah_046,Tanah Sareal,Periode_13,17710,9288,574,23,7,11,114,6,8207,0
Wilayah_046,Tanah Sareal,Periode_14,18969,10204,622,20,7,5,136,5,8154,0
Wilayah_046,Tanah Sareal,Periode_15,18541,9309,720,15,13,10,111,5,8858,0
Wilayah_047,Bogor Barat,Periode_01,17549,9512,646,19,6,7,83,8,8080,0
Wilayah_047,Bogor Barat,Periode_02,15929,6096,474,16,6,5,90,4,6781,2
Wilayah_047,Bogor Barat,Periode_03,17582,9008,605,21,9,7,86,6,8203,0
Wilayah_047,Bogor Barat,Periode_04,17060,8811,494,15,11,5,105,4,8058,2
Wilayah_047,Bogor Barat,Periode_05,14541,9609,580,16,8,9,100,4,6044,2
Wilayah_047,Bogor Barat,Periode_06,17636,10540,556,19,7,4,91,3,6849,2
Wilayah_047,Bogor Barat,Periode_07,14826,9263,493,14,8,7,73,7,4823,2
Wilayah_047,Bogor Barat,Periode_08,15640,9378,675,13,8,9,105,4,6680,2
Wilayah_047,Bogor Barat,Periode_09,17527,8315,551,17,9,5,90,5,7496,2
Wilayah_047,Bogor Barat,Periode_10,18470,10197,540,14,9,3,76,7,8372,2
Wilayah_047,Bogor Barat,Periode_11,17245,8824,504,19,10,5,88,7,8026,0
Wilayah_047,Bogor Barat,Periode_12,11792,9494,303,16,7,4,99,5,5707,2
Wilayah_047,Bogor Barat,Periode_13,21607,7794,747,13,10,5,110,6,10113,0
Wilayah_047,Bogor Barat,Periode_14,16592,11674,543,20,10,6,96,5,7876,0
Wilayah_047,Bogor Barat,Periode_15,16229,8920,575,19,8,5,77,4,6715,2
Wilayah_048,Bogor Timur,Periode_01,9145,6941,177,12,5,5,77,5,4791,1
Wilayah_048,Bogor Timur,Periode_02,12446,8501,470,11,10,1,59,5,6090,1
Wilayah_048,Bogor Timur,Periode_03,14227,7364,529,11,3,1,69,1,6136,1
Wilayah_048,Bogor Timur,Periode_04,11774,7922,356,11,5,5,56,1,5800,1
Wilayah_048,Bogor Timur,Periode_05,10949,6919,350,11,2,5,53,3,4880,1
Wilayah_048,Bogor Timur,Periode_06,12259,4357,455,13,4,5,13,5,5531,1
Wilayah_048,Bogor Timur,Periode_07,10465,7842,414,8,5,4,46,2,4606,1
Wilayah_048,Bogor Timur,Periode_08,6966,6733,313,14,7,2,86,5,3004,1
Wilayah_048,Bogor Timur,Periode_09,11054,6669,374,11,8,2,51,3,3922,1
Wilayah_048,Bogor Timur,Periode_10,7879,6067,417,11,9,2,40,1,3512,1
Wilayah_048,Bogor Timur,Periode_11,15657,4946,435,9,5,4,58,4,6851,1
Wilayah_048,Bogor Timur,Periode_12,10870,3681,468,4,1,2,47,5,4805,1
Wilayah_048,Bogor Timur,Periode_13,13297,4990,520,9,3,3,62,5,5016,1
Wilayah_048,Bogor Timur,Periode_14,13952,6083,443,10,7,1,50,2,6483,1
Wilayah_048,Bogor Timur,Periode_15,11309,2500,427,10,2,4,72,4,3763,1
Wilayah_049,Bogor Selatan,Periode_01,16904,10741,560,11,11,5,89,5,7742,2
Wilayah_049,Bogor Selatan,Periode_02,16492,8523,736,17,7,7,139,5,7764,0
Wilayah_049,Bogor Selatan,Periode_03,15801,10673,663,18,11,5,97,4,7267,0
Wilayah_049,Bogor Selatan,Periode_04,15937,10191,565,25,12,3,97,9,6884,0
Wilayah_049,Bogor Selatan,Periode_05,19116,11138,728,18,10,6,137,3,8672,0
Wilayah_049,Bogor Selatan,Periode_06,16777,10119,721,20,7,10,116,5,6539,0
Wilayah_049,Bogor Selatan,Periode_07,15646,9460,548,19,8,10,85,3,7594,2
Wilayah_049,Bogor Selatan,Periode_08,13616,8604,475,13,9,10,124,7,6030,2
Wilayah_049,Bogor Selatan,Periode_09,16911,11493,571,18,7,5,117,5,7183,0
Wilayah_049,Bogor Selatan,Periode_10,15458,10299,651,17,9,5,101,7,7474,0
Wilayah_049,Bogor Selatan,Periode_11,19627,12133,680,19,8,11,141,5,9025,0
Wilayah_049,Bogor Selatan,Periode_12,21440,9559,745,18,5,8,149,6,9507,0
Wilayah_049,Bogor Selatan,Periode_13,20687,9678,838,15,7,6,103,7,8921,0
Wilayah_049,Bogor Selatan,Periode_14,18330,9938,565,14,11,9,124,5,9194,0
Wilayah_049,Bogor Selatan,Periode_15,13696,9179,429,14,9,6,90,4,5805,2
Wilayah_050,Bogor Timur,Periode_01,17073,6705,528,12,10,3,72,5,8021,2
Wilayah_050,Bogor Timur,Periode_02,13727,8051,535,10,5,6,82,4,6193,1
Wilayah_050,Bogor Timur,Periode_03,16365,8281,653,11,11,7,91,4,7611,2
Wilayah_050,Bogor Timur,Periode_04,17397,7009,603,13,5,5,67,2,7809,2
Wilayah_050,Bogor Timur,Periode_05,17618,5960,563,17,5,7,84,4,9184,2
Wilayah_050,Bogor Timur,Periode_06,14222,8336,549,9,7,5,68,4,5817,1
Wilayah_050,Bogor Timur,Periode_07,12107,6419,431,17,5,6,60,3,6098,1
Wilayah_050,Bogor Timur,Periode_08,14111,8992,381,11,9,6,64,2,7018,2
Wilayah_050,Bogor Timur,Periode_09,9271,7101,394,14,11,3,88,3,4472,1
Wilayah_050,Bogor Timur,Periode_10,15885,8251,599,15,8,2,119,3,7129,2
Wilayah_050,Bogor Timur,Periode_11,16644,8504,600,16,10,6,101,3,7386,2
Wilayah_050,Bogor Timur,Periode_12,13034,8094,343,16,7,8,83,2,5266,1
Wilayah_050,Bogor Timur,Periode_13,13945,7455,478,11,7,4,84,4,6098,1
Wilayah_050,Bogor Timur,Periode_14,17043,8553,611,13,4,8,70,4,7841,2
Wilayah_050,Bogor Timur,Periode_15,12982,8383,327,11,8,5,61,6,5442,1
Wilayah_051,Tanah Sareal,Periode_01,11310,6995,564,12,7,5,81,5,5563,1
Wilayah_051,Tanah Sareal,Periode_02,14714,9923,426,18,7,5,104,4,5539,2
Wilayah_051,Tanah Sareal,Periode_03,14938,8731,478,13,7,4,110,5,6847,2
Wilayah_051,Tanah Sareal,Periode_04,14776,8404,334,14,7,6,69,4,5041,1
Wilayah_051,Tanah Sareal,Periode_05,17675,8523,678,15,6,1,92,3,7553,2
Wilayah_051,Tanah Sareal,Periode_06,14016,7414,495,17,10,5,64,5,7199,2
Wilayah_051,Tanah Sareal,Periode_07,16247,6474,582,16,7,4,106,4,6568,2
Wilayah_051,Tanah Sareal,Periode_08,11491,6877,431,10,5,1,81,4,4912,1
Wilayah_051,Tanah Sareal,Periode_09,17557,9996,699,16,7,3,102,7,8071,0
Wilayah_051,Tanah Sareal,Periode_10,17876,9762,503,14,9,5,110,4,7781,2
Wilayah_051,Tanah Sareal,Periode_11,16052,9424,590,9,7,3,109,4,6680,2
Wilayah_051,Tanah Sareal,Periode_12,15543,6589,492,14,3,3,75,4,6967,1
Wilayah_051,Tanah Sareal,Periode_13,17729,9177,618,18,9,4,69,6,8176,2
Wilayah_051,Tanah Sareal,Periode_14,15745,8077,444,14,6,4,114,6,6238,2
Wilayah_051,Tanah Sareal,Periode_15,15651,7766,586,12,8,4,72,3,6855,2
Wilayah_052,Bogor Barat,Periode_01,15080,7854,530,20,8,8,154,5,7093,0
Wilayah_052,Bogor Barat,Periode_02,16800,10175,576,17,10,6,120,2,8361,0
Wilayah_052,Bogor Barat,Periode_03,12938,9977,666,19,11,3,67,5,5248,2
Wilayah_052,Bogor Barat,Periode_04,13152,9028,431,17,8,7,71,4,6074,2
Wilayah_052,Bogor Barat,Periode_05,14542,8502,560,16,10,6,82,4,6251,2
Wilayah_052,Bogor Barat,Periode_06,17654,9668,660,16,6,6,110,3,7388,2
Wilayah_052,Bogor Barat,Periode_07,15999,9592,507,15,9,9,100,4,6947,2
Wilayah_052,Bogor Barat,Periode_08,19748,11185,681,13,10,5,115,4,9709,0
Wilayah_052,Bogor Barat,Periode_09,15610,7691,675,15,11,8,47,6,7523,2
Wilayah_052,Bogor Barat,Periode_10,18093,11015,526,20,9,9,108,5,8771,0
Wilayah_052,Bogor Barat,Periode_11,17567,8373,686,20,8,4,88,6,8887,0
Wilayah_052,Bogor Barat,Periode_12,14933,9109,472,16,9,5,94,5,6955,2
Wilayah_052,Bogor Barat,Periode_13,17625,11573,608,13,8,8,86,5,8167,0
Wilayah_052,Bogor Barat,Periode_14,12696,8589,490,11,8,6,94,4,5875,2
Wilayah_052,Bogor Barat,Periode_15,15768,7213,552,20,10,6,119,5,7586,2
Wilayah_053,Bogor Barat,Periode_01,19607,9637,663,18,10,8,123,4,8709,0
Wilayah_053,Bogor Barat,Periode_02,16961,11332,453,24,9,9,108,4,7614,0
Wilayah_053,Bogor Barat,Periode_03,15986,9342,565,21,6,6,107,3,6776,2
Wilayah_053,Bogor Barat,Periode_04,16562,11587,513,11,12,3,121,6,7612,2
Wilayah_053,Bogor Barat,Periode_05,17458,8807,575,18,10,8,95,6,8337,0
Wilayah_053,Bogor Barat,Periode_06,20692,8663,694,19,9,9,98,4,10408,0
Wilayah_053,Bogor Barat,Periode_07,18472,9448,641,16,10,6,133,8,7866,0
Wilayah_053,Bogor Barat,Periode_08,17373,9619,582,17,7,8,111,3,8301,0
Wilayah_053,Bogor Barat,Periode_09,14409,8819,276,19,13,7,79,4,6254,2
Wilayah_053,Bogor Barat,Periode_10,16452,10798,669,18,6,5,153,5,8896,0
Wilayah_053,Bogor Barat,Periode_11,16602,10275,534,18,6,6,127,5,7541,0
Wilayah_053,Bogor Barat,Periode_12,17786,7948,693,11,10,6,128,5,6998,2
Wilayah_053,Bogor Barat,Periode_13,16139,9299,445,14,10,4,124,5,7305,2
Wilayah_053,Bogor Barat,Periode_14,17856,10418,648,18,9,7,66,5,7915,0
Wilayah_053,Bogor Barat,Periode_15,15363,10444,642,20,6,9,98,6,6460,0
Wilayah_054,Bogor Utara,Periode_01,17795,12106,504,16,10,7,115,7,8152,0
Wilayah_054,Bogor Utara,Periode_02,20356,13264,622,19,8,6,147,6,9294,0
Wilayah_054,Bogor Utara,Periode_03,18536,9112,625,20,11,7,105,6,7797,0
Wilayah_054,Bogor Utara,Periode_04,17131,11627,703,16,9,10,117,6,7040,0
Wilayah_054,Bogor Utara,Periode_05,20775,11515,726,19,11,5,97,6,8484,0
Wilayah_054,Bogor Utara,Periode_06,15215,10638,525,15,11,3,136,8,8023,0
Wilayah_054,Bogor Utara,Periode_07,15768,11093,532,21,8,8,119,5,8070,0
Wilayah_054,Bogor Utara,Periode_08,18014,9875,627,16,12,8,108,6,7553,0
Wilayah_054,Bogor Utara,Periode_09,19245,10617,748,19,12,7,92,1,7741,0
Wilayah_054,Bogor Utara,Periode_10,18252,9399,554,18,13,7,110,8,7951,0
Wilayah_054,Bogor Utara,Periode_11,20155,9549,534,19,12,2,101,6,9632,0
Wilayah_054,Bogor Utara,Periode_12,15638,9477,375,15,7,8,110,7,7018,2
Wilayah_054,Bogor Utara,Periode_13,17791,11036,589,17,10,11,111,7,7522,0
Wilayah_054,Bogor Utara,Periode_14,20681,10543,764,19,12,10,113,9,9900,0
Wilayah_054,Bogor Utara,Periode_15,20174,9489,706,16,12,5,102,5,10203,0
Wilayah_055,Bogor Barat,Periode_01,16698,7919,653,16,12,6,131,6,8001,0
Wilayah_055,Bogor Barat,Periode_02,15934,8230,576,11,8,7,96,4,7593,2
Wilayah_055,Bogor Barat,Periode_03,17183,9804,603,17,11,7,110,5,8307,0
Wilayah_055,Bogor Barat,Periode_04,21375,7105,693,16,5,4,70,5,10028,0
Wilayah_055,Bogor Barat,Periode_05,17241,11256,449,13,10,6,102,4,7878,2
Wilayah_055,Bogor Barat,Periode_06,14904,9702,522,21,7,7,105,5,7149,2
Wilayah_055,Bogor Barat,Periode_07,15647,10190,585,18,9,6,107,5,6134,2
Wilayah_055,Bogor Barat,Periode_08,21374,8890,796,12,10,5,92,3,9385,0
Wilayah_055,Bogor Barat,Periode_09,18282,10799,573,18,7,8,93,7,7321,0
Wilayah_055,Bogor Barat,Periode_10,17068,10199,514,18,7,6,121,7,7669,0
Wilayah_055,Bogor Barat,Periode_11,22512,9471,734,18,8,9,91,5,10568,0
Wilayah_055,Bogor Barat,Periode_12,19534,9416,773,22,12,8,101,1,8938,0
Wilayah_055,Bogor Barat,Periode_13,16975,9948,703,17,10,8,87,7,7481,0
Wilayah_055,Bogor Barat,Periode_14,18821,10110,738,19,13,11,107,1,9087,0
Wilayah_055,Bogor Barat,Periode_15,15084,9387,490,15,12,9,112,5,6446,2
Wilayah_056,Bogor Timur,Periode_01,13686,4917,556,14,5,1,84,6,6089,1
Wilayah_056,Bogor Timur,Periode_02,10635,5888,424,14,4,3,101,5,4187,1
Wilayah_056,Bogor Timur,Periode_03,8640,5648,397,11,5,6,53,5,3707,1
Wilayah_056,Bogor Timur,Periode_04,10876,6345,400,9,6,2,71,4,4901,1
Wilayah_056,Bogor Timur,Periode_05,13016,9867,372,14,8,4,52,3,6170,1
Wilayah_056,Bogor Timur,Periode_06,11635,8468,344,12,5,5,86,5,4666,1
Wilayah_056,Bogor Timur,Periode_07,12100,7980,527,10,9,8,80,7,5016,2
Wilayah_056,Bogor Timur,Periode_08,12624,7518,503,15,7,6,77,4,5451,2
Wilayah_056,Bogor Timur,Periode_09,14443,6647,594,14,3,4,87,4,6808,1
Wilayah_056,Bogor Timur,Periode_10,14840,7687,659,11,9,5,50,3,6374,2
Wilayah_056,Bogor Timur,Periode_11,13817,7575,523,14,7,3,57,6,6972,2
Wilayah_056,Bogor Timur,Periode_12,12207,5929,286,20,7,3,75,3,4561,1
Wilayah_056,Bogor Timur,Periode_13,13283,7619,465,21,9,2,62,3,5360,2
Wilayah_056,Bogor Timur,Periode_14,12003,6673,389,8,8,6,63,3,5820,1
Wilayah_056,Bogor Timur,Periode_15,11404,7146,559,11,5,6,73,8,4738,1
Wilayah_057,Bogor Utara,Periode_01,14256,8961,674,17,7,3,74,3,6742,2
Wilayah_057,Bogor Utara,Periode_02,14371,8743,410,15,8,5,104,3,6673,2
Wilayah_057,Bogor Utara,Periode_03,14201,5107,482,13,4,3,99,5,6441,1
Wilayah_057,Bogor Utara,Periode_04,15692,6287,559,22,9,4,97,2,6375,2
Wilayah_057,Bogor Utara,Periode_05,18318,7621,574,16,9,6,97,4,8360,2
Wilayah_057,Bogor Utara,Periode_06,15945,7903,614,7,10,3,130,7,6512,2
Wilayah_057,Bogor Utara,Periode_07,12118,8390,418,14,6,4,90,6,5153,1
Wilayah_057,Bogor Utara,Periode_08,12550,7515,572,12,3,7,68,5,5561,1
Wilayah_057,Bogor Utara,Periode_09,15016,8649,461,18,7,3,88,3,7089,2
Wilayah_057,Bogor Utara,Periode_10,18619,8208,571,14,7,7,64,4,7591,2
Wilayah_057,Bogor Utara,Periode_11,13726,9944,420,7,8,3,102,4,6478,2
Wilayah_057,Bogor Utara,Periode_12,16319,8816,516,9,7,4,77,3,7704,2
Wilayah_057,Bogor Utara,Periode_13,18243,6419,612,14,11,3,120,5,8417,2
Wilayah_057,Bogor Utara,Periode_14,11509,7102,499,13,7,8,71,5,4862,1
Wilayah_057,Bogor Utara,Periode_15,11349,9313,597,12,11,5,60,4,5631,2
Wilayah_058,Bogor Utara,Periode_01,12956,7977,296,11,4,8,112,5,5715,1
Wilayah_058,Bogor Utara,Periode_02,10483,8664,484,11,5,6,65,6,4172,1
Wilayah_058,Bogor Utara,Periode_03,17740,8356,667,12,8,4,71,7,8090,2
Wilayah_058,Bogor Utara,Periode_04,11624,7287,325,15,9,7,71,5,4780,1
Wilayah_058,Bogor Utara,Periode_05,15020,8327,698,11,6,5,96,1,7411,2
Wilayah_058,Bogor Utara,Periode_06,15090,7642,536,18,5,6,93,3,6760,2
Wilayah_058,Bogor Utara,Periode_07,18850,8061,584,12,7,5,115,1,9154,2
Wilayah_058,Bogor Utara,Periode_08,14980,7300,627,13,6,4,104,5,7618,2
Wilayah_058,Bogor Utara,Periode_09,15541,7158,610,13,10,9,50,2,6774,2
Wilayah_058,Bogor Utara,Periode_10,16043,9728,623,11,6,4,102,5,8614,2
Wilayah_058,Bogor Utara,Periode_11,10957,6878,382,15,11,5,113,3,4683,2
Wilayah_058,Bogor Utara,Periode_12,14433,6674,456,17,9,3,74,4,6608,2
Wilayah_058,Bogor Utara,Periode_13,13188,8193,439,11,7,4,71,2,6817,1
Wilayah_058,Bogor Utara,Periode_14,16069,7470,557,17,7,5,78,6,6590,2
Wilayah_058,Bogor Utara,Periode_15,13174,7828,368,15,9,8,75,3,5719,2
Wilayah_059,Bogor Selatan,Periode_01,15388,7405,634,18,9,6,88,7,7813,2
Wilayah_059,Bogor Selatan,Periode_02,17133,8502,668,12,6,7,108,6,8494,0
Wilayah_059,Bogor Selatan,Periode_03,18752,8822,706,15,6,8,117,8,8570,0
Wilayah_059,Bogor Selatan,Periode_04,13224,9938,489,12,11,10,96,5,6051,2
Wilayah_059,Bogor Selatan,Periode_05,15497,9080,308,12,6,6,117,5,7397,2
Wilayah_059,Bogor Selatan,Periode_06,18256,7160,690,20,9,6,101,7,7778,0
Wilayah_059,Bogor Selatan,Periode_07,11716,6844,439,13,10,2,111,6,5331,2
Wilayah_059,Bogor Selatan,Periode_08,12014,9388,401,14,8,6,60,2,5087,1
Wilayah_059,Bogor Selatan,Periode_09,12609,7043,559,18,9,5,62,8,5885,2
Wilayah_059,Bogor Selatan,Periode_10,16862,8773,568,9,7,8,103,6,7400,2
Wilayah_059,Bogor Selatan,Periode_11,18951,7941,676,15,4,6,116,7,9456,0
Wilayah_059,Bogor Selatan,Periode_12,13681,8955,541,14,11,4,105,7,5467,2
Wilayah_059,Bogor Selatan,Periode_13,15576,9509,455,9,9,7,76,3,7337,2
Wilayah_059,Bogor Selatan,Periode_14,17973,9647,605,17,6,2,86,5,7949,2
Wilayah_059,Bogor Selatan,Periode_15,17422,8528,637,15,9,4,73,6,8308,2
Wilayah_060,Bogor Selatan,Periode_01,12669,6588,441,14,8,5,86,4,6043,1
Wilayah_060,Bogor Selatan,Periode_02,13801,7784,624,16,4,7,103,6,6009,2
Wilayah_060,Bogor Selatan,Periode_03,12935,7169,404,12,9,6,80,3,5145,1
Wilayah_060,Bogor Selatan,Periode_04,14423,7914,508,13,5,4,98,6,6279,2
Wilayah_060,Bogor Selatan,Periode_05,11105,5630,228,13,5,5,83,2,4089,1
Wilayah_060,Bogor Selatan,Periode_06,16513,7290,507,14,4,6,137,6,7378,2
Wilayah_060,Bogor Selatan,Periode_07,14762,8184,490,12,4,6,69,1,6457,1
Wilayah_060,Bogor Selatan,Periode_08,13404,9009,513,14,6,6,95,4,5557,2
Wilayah_060,Bogor Selatan,Periode_09,11234,6280,556,15,7,3,91,4,5162,1
Wilayah_060,Bogor Selatan,Periode_10,12756,6603,361,10,9,6,66,5,5371,1
Wilayah_060,Bogor Selatan,Periode_11,10508,5570,433,18,7,3,78,2,5050,1
Wilayah_060,Bogor Selatan,Periode_12,13680,5968,513,11,1,6,89,6,5110,1
Wilayah_060,Bogor Selatan,Periode_13,13487,9326,619,13,7,3,78,4,6161,2
Wilayah_060,Bogor Selatan,Periode_14,13151,8245,315,15,7,4,51,2,5718,1
Wilayah_060,Bogor Selatan,Periode_15,12437,8180,424,14,6,6,52,3,5744,1
Wilayah_061,Bogor Tengah,Periode_01,22313,11224,902,17,7,6,102,8,10409,0
Wilayah_061,Bogor Tengah,Periode_02,17399,10534,675,18,13,6,101,8,7607,0
Wilayah_061,Bogor Tengah,Periode_03,17173,11819,552,18,9,7,121,4,8374,0
Wilayah_061,Bogor Tengah,Periode_04,18779,11571,743,20,6,7,91,5,8940,0
Wilayah_061,Bogor Tengah,Periode_05,17776,11101,638,26,8,7,99,6,7907,0
Wilayah_061,Bogor Tengah,Periode_06,16496,10419,630,19,13,5,128,6,7770,0
Wilayah_061,Bogor Tengah,Periode_07,18639,10336,541,18,10,7,136,6,7440,0
Wilayah_061,Bogor Tengah,Periode_08,26796,10912,961,20,6,6,86,8,12027,0
Wilayah_061,Bogor Tengah,Periode_09,19778,10592,674,19,9,7,115,6,8814,0
Wilayah_061,Bogor Tengah,Periode_10,16465,10432,567,14,12,7,113,6,7015,0
Wilayah_061,Bogor Tengah,Periode_11,20869,9959,763,15,8,9,119,8,9934,0
Wilayah_061,Bogor Tengah,Periode_12,15326,10249,444,15,6,7,141,6,7047,2
Wilayah_061,Bogor Tengah,Periode_13,18901,12398,609,19,6,6,118,7,8783,0
Wilayah_061,Bogor Tengah,Periode_14,16422,9137,476,19,9,6,131,7,8078,0
Wilayah_061,Bogor Tengah,Periode_15,19111,9760,703,21,10,6,104,6,8699,0
Wilayah_062,Bogor Barat,Periode_01,13486,7299,442,8,5,7,49,6,6226,1
Wilayah_062,Bogor Barat,Periode_02,10224,6835,352,9,8,1,77,5,4996,1
Wilayah_062,Bogor Barat,Periode_03,13095,7151,586,10,4,1,71,2,5268,1
Wilayah_062,Bogor Barat,Periode_04,10809,6035,277,13,6,5,105,4,4680,1
Wilayah_062,Bogor Barat,Periode_05,13104,4858,510,16,1,4,71,4,6752,1
Wilayah_062,Bogor Barat,Periode_06,13230,6498,653,18,6,5,98,3,5551,2
Wilayah_062,Bogor Barat,Periode_07,13042,5712,525,11,6,6,79,4,5956,1
Wilayah_062,Bogor Barat,Periode_08,11803,7268,369,15,4,1,54,5,5540,1
Wilayah_062,Bogor Barat,Periode_09,14841,4872,493,5,3,1,85,4,7079,1
Wilayah_062,Bogor Barat,Periode_10,12994,8559,449,11,10,5,56,2,5856,1
Wilayah_062,Bogor Barat,Periode_11,9094,6482,439,16,6,6,33,5,3549,1
Wilayah_062,Bogor Barat,Periode_12,13993,7572,392,11,6,2,61,3,6212,1
Wilayah_062,Bogor Barat,Periode_13,13302,7996,417,13,5,4,57,2,6257,1
Wilayah_062,Bogor Barat,Periode_14,11665,6884,412,13,7,4,108,5,4704,1
Wilayah_062,Bogor Barat,Periode_15,9751,6847,326,19,9,2,60,2,4573,1
Wilayah_063,Bogor Utara,Periode_01,17275,6937,450,17,8,3,59,5,7650,2
Wilayah_063,Bogor Utara,Periode_02,9178,8279,438,16,8,3,55,1,3838,1
Wilayah_063,Bogor Utara,Periode_03,13249,7716,426,11,9,5,61,5,6060,1
Wilayah_063,Bogor Utara,Periode_04,9028,9568,323,13,4,4,48,2,4433,1
Wilayah_063,Bogor Utara,Periode_05,10262,6386,369,9,7,6,86,1,5115,1
Wilayah_063,Bogor Utara,Periode_06,14887,5251,670,16,7,4,52,3,6923,1
Wilayah_063,Bogor Utara,Periode_07,12202,6042,389,9,5,4,78,1,4768,1
Wilayah_063,Bogor Utara,Periode_08,14081,7844,474,10,10,6,86,2,5701,2
Wilayah_063,Bogor Utara,Periode_09,16393,6984,576,12,4,5,101,4,7392,2
Wilayah_063,Bogor Utara,Periode_10,13471,6553,548,13,9,5,57,6,5773,2
Wilayah_063,Bogor Utara,Periode_11,12723,7609,559,17,6,5,96,2,5563,2
Wilayah_063,Bogor Utara,Periode_12,15523,7202,636,11,5,4,68,5,6095,1
Wilayah_063,Bogor Utara,Periode_13,11794,7427,412,9,4,3,63,4,4909,1
Wilayah_063,Bogor Utara,Periode_14,16433,8168,631,4,5,2,84,4,7573,1
Wilayah_063,Bogor Utara,Periode_15,13374,6766,341,12,8,8,55,3,5823,1
Wilayah_064,Bogor Selatan,Periode_01,16083,7988,521,13,9,6,58,6,7495,2
Wilayah_064,Bogor Selatan,Periode_02,16414,8557,643,14,5,4,53,7,7817,2
Wilayah_064,Bogor Selatan,Periode_03,12161,7235,300,11,8,5,109,4,5893,1
Wilayah_064,Bogor Selatan,Periode_04,12440,8515,550,9,6,4,82,6,5511,1
Wilayah_064,Bogor Selatan,Periode_05,16066,8268,545,15,10,5,102,4,7765,2
Wilayah_064,Bogor Selatan,Periode_06,16110,8730,606,11,10,2,76,4,7455,2
Wilayah_064,Bogor Selatan,Periode_07,17541,8449,456,18,6,8,91,2,8024,2
Wilayah_064,Bogor Selatan,Periode_08,13366,8750,348,18,7,8,80,5,6119,2
Wilayah_064,Bogor Selatan,Periode_09,15694,7821,488,18,5,7,104,7,7084,2
Wilayah_064,Bogor Selatan,Periode_10,14988,7190,672,17,7,7,81,6,5549,2
Wilayah_064,Bogor Selatan,Periode_11,11980,8293,459,14,8,5,89,5,6127,2
Wilayah_064,Bogor Selatan,Periode_12,14871,7934,602,20,9,10,72,3,6097,2
Wilayah_064,Bogor Selatan,Periode_13,14694,8866,560,11,11,4,106,5,6915,2
Wilayah_064,Bogor Selatan,Periode_14,11934,8058,443,13,9,4,114,4,5705,2
Wilayah_064,Bogor Selatan,Periode_15,15753,11112,464,14,8,10,75,3,6615,2
Wilayah_065,Bogor Barat,Periode_01,12203,8200,464,11,4,5,107,3,5303,1
Wilayah_065,Bogor Barat,Periode_02,10354,5169,359,14,9,4,56,3,4136,1
Wilayah_065,Bogor Barat,Periode_03,9063,6854,409,6,6,5,32,5,4516,1
Wilayah_065,Bogor Barat,Periode_04,9903,6337,351,10,11,3,59,4,4941,1
Wilayah_065,Bogor Barat,Periode_05,11669,6076,476,16,1,5,43,4,5315,1
Wilayah_065,Bogor Barat,Periode_06,12235,8170,410,10,4,2,89,3,5656,1
Wilayah_065,Bogor Barat,Periode_07,12459,7601,337,9,6,9,53,6,6608,1
Wilayah_065,Bogor Barat,Periode_08,10432,5873,347,16,5,1,65,3,4281,1
Wilayah_065,Bogor Barat,Periode_09,11475,6608,384,10,7,4,74,4,5725,1
Wilayah_065,Bogor Barat,Periode_10,13381,8237,481,6,7,7,113,6,5776,2
Wilayah_065,Bogor Barat,Periode_11,9538,8060,324,10,4,5,72,4,3778,1
Wilayah_065,Bogor Barat,Periode_12,9199,8512,400,10,1,1,57,4,4521,1
Wilayah_065,Bogor Barat,Periode_13,7658,4703,266,12,7,4,114,3,3330,1
Wilayah_065,Bogor Barat,Periode_14,11115,4425,469,13,6,4,37,5,5744,1
Wilayah_065,Bogor Barat,Periode_15,9519,5241,249,13,3,3,77,3,4412,1
Wilayah_066,Bogor Timur,Periode_01,11237,8548,497,14,5,4,99,2,5370,1
Wilayah_066,Bogor Timur,Periode_02,15934,6832,573,11,6,5,88,4,5927,2
Wilayah_066,Bogor Timur,Periode_03,12771,7202,564,11,9,3,56,4,5335,1
Wilayah_066,Bogor Timur,Periode_04,11450,8885,303,13,7,6,71,4,5329,1
Wilayah_066,Bogor Timur,Periode_05,9861,7773,405,14,7,5,67,3,3962,1
Wilayah_066,Bogor Timur,Periode_06,13657,5323,652,14,7,1,68,3,7028,1
Wilayah_066,Bogor Timur,Periode_07,13282,7551,383,10,3,2,71,5,6534,1
Wilayah_066,Bogor Timur,Periode_08,13737,7544,383,15,3,9,93,8,6376,2
Wilayah_066,Bogor Timur,Periode_09,13803,7198,428,8,3,3,70,2,6230,1
Wilayah_066,Bogor Timur,Periode_10,13715,5959,388,5,6,8,102,4,5171,1
Wilayah_066,Bogor Timur,Periode_11,13399,8091,499,14,9,4,103,1,6568,2
Wilayah_066,Bogor Timur,Periode_12,11991,9246,369,11,7,6,37,5,5068,1
Wilayah_066,Bogor Timur,Periode_13,12652,6763,544,12,6,4,77,4,7085,1
Wilayah_066,Bogor Timur,Periode_14,10660,8320,525,13,7,3,73,5,5362,1
Wilayah_066,Bogor Timur,Periode_15,13786,6174,572,16,4,5,80,4,5440,1
Wilayah_067,Tanah Sareal,Periode_01,13314,5503,440,16,7,4,108,2,5436,1
Wilayah_067,Tanah Sareal,Periode_02,14204,6763,499,10,5,4,76,2,6166,1
Wilayah_067,Tanah Sareal,Periode_03,14763,8076,487,11,6,3,65,3,7449,1
Wilayah_067,Tanah Sareal,Periode_04,14368,6926,593,11,5,7,102,7,6631,2
Wilayah_067,Tanah Sareal,Periode_05,13044,8138,399,14,7,5,97,3,5776,1
Wilayah_067,Tanah Sareal,Periode_06,12685,6906,447,13,4,4,72,1,6124,1
Wilayah_067,Tanah Sareal,Periode_07,12569,7634,383,9,7,3,74,4,5812,1
Wilayah_067,Tanah Sareal,Periode_08,13581,6067,464,17,2,1,81,1,5089,1
Wilayah_067,Tanah Sareal,Periode_09,11681,8538,478,12,4,3,78,5,5452,1
Wilayah_067,Tanah Sareal,Periode_10,11030,6218,306,10,4,5,88,3,5823,1
Wilayah_067,Tanah Sareal,Periode_11,11266,6103,321,14,8,6,101,3,5906,1
Wilayah_067,Tanah Sareal,Periode_12,11341,5570,371,14,4,4,87,3,4680,1
Wilayah_067,Tanah Sareal,Periode_13,10436,6052,479,12,7,1,95,6,3697,1
Wilayah_067,Tanah Sareal,Periode_14,11870,6046,505,12,4,4,66,2,5848,1
Wilayah_067,Tanah Sareal,Periode_15,11435,7959,473,14,3,3,88,4,4608,1
Wilayah_068,Tanah Sareal,Periode_01,13788,9210,526,11,5,4,56,5,5746,1
Wilayah_068,Tanah Sareal,Periode_02,12525,6311,425,17,6,3,44,2,5189,1
Wilayah_068,Tanah Sareal,Periode_03,14973,7087,469,8,7,8,75,3,6539,1
Wilayah_068,Tanah Sareal,Periode_04,11077,5452,535,14,9,5,101,4,5347,1
Wilayah_068,Tanah Sareal,Periode_05,8625,6704,250,13,7,6,89,5,4418,1
Wilayah_068,Tanah Sareal,Periode_06,13162,9539,569,10,7,1,44,3,5485,1
Wilayah_068,Tanah Sareal,Periode_07,12340,9176,540,10,8,3,64,5,6280,2
Wilayah_068,Tanah Sareal,Periode_08,11609,6788,495,15,10,3,82,4,5393,1
Wilayah_068,Tanah Sareal,Periode_09,10362,7780,302,10,3,2,62,2,3373,1
Wilayah_068,Tanah Sareal,Periode_10,11947,7602,488,13,6,3,85,6,5266,1
Wilayah_068,Tanah Sareal,Periode_11,10916,7004,391,11,3,2,83,5,4688,1
Wilayah_068,Tanah Sareal,Periode_12,12117,6506,459,16,7,3,102,1,5789,1
Wilayah_068,Tanah Sareal,Periode_13,11720,8821,195,13,6,6,75,4,4670,1
Wilayah_068,Tanah Sareal,Periode_14,15070,6995,462,13,4,2,43,4,6945,1
Wilayah_068,Tanah Sareal,Periode_15,11832,6473,443,11,8,5,105,3,5937,1
Wilayah_069,Bogor Tengah,Periode_01,21562,9182,799,24,11,5,114,8,9195,0
Wilayah_069,Bogor Tengah,Periode_02,16849,8915,503,19,14,5,105,7,7573,0
Wilayah_069,Bogor Tengah,Periode_03,22484,12705,830,20,10,9,66,6,9831,0
Wilayah_069,Bogor Tengah,Periode_04,18724,10074,687,20,9,3,93,7,7055,0
Wilayah_069,Bogor Tengah,Periode_05,18525,12117,659,22,12,4,118,8,7836,0
Wilayah_069,Bogor Tengah,Periode_06,17301,9375,517,13,10,9,107,3,8205,0
Wilayah_069,Bogor Tengah,Periode_07,17600,11355,582,13,11,10,110,3,7761,0
Wilayah_069,Bogor Tengah,Periode_08,16996,11081,533,18,7,8,105,5,7631,0
Wilayah_069,Bogor Tengah,Periode_09,18499,10489,626,15,10,8,104,7,8456,0
Wilayah_069,Bogor Tengah,Periode_10,16633,9535,627,18,10,7,132,6,7453,0
Wilayah_069,Bogor Tengah,Periode_11,19713,12771,646,16,8,5,91,3,9084,0
Wilayah_069,Bogor Tengah,Periode_12,21809,11751,798,24,7,11,93,6,9177,0
Wilayah_069,Bogor Tengah,Periode_13,21630,10488,714,18,6,8,126,5,9286,0
Wilayah_069,Bogor Tengah,Periode_14,19070,11915,533,21,13,7,121,7,8443,0
Wilayah_069,Bogor Tengah,Periode_15,18391,10522,735,19,11,8,109,6,8244,0
Wilayah_070,Tanah Sareal,Periode_01,8988,7348,309,10,9,3,54,3,3043,1
Wilayah_070,Tanah Sareal,Periode_02,10078,6344,411,15,4,8,66,3,4089,1
Wilayah_070,Tanah Sareal,Periode_03,12485,7941,642,14,2,4,77,4,5252,1
Wilayah_070,Tanah Sareal,Periode_04,14718,7781,563,9,7,2,107,2,6224,1
Wilayah_070,Tanah Sareal,Periode_05,8868,7505,265,12,7,6,89,3,3917,1
Wilayah_070,Tanah Sareal,Periode_06,13798,5750,568,19,6,3,72,3,6339,1
Wilayah_070,Tanah Sareal,Periode_07,10648,4119,470,15,5,6,59,3,5540,1
Wilayah_070,Tanah Sareal,Periode_08,10415,7030,365,8,5,6,63,3,5535,1
Wilayah_070,Tanah Sareal,Periode_09,17004,7112,609,9,5,5,71,6,7760,2
Wilayah_070,Tanah Sareal,Periode_10,12948,7959,436,13,7,6,67,3,4862,1
Wilayah_070,Tanah Sareal,Periode_11,12262,6601,511,13,6,5,78,1,5343,1
Wilayah_070,Tanah Sareal,Periode_12,11262,7500,493,11,8,6,54,6,5215,1
Wilayah_070,Tanah Sareal,Periode_13,10331,6592,495,8,4,3,60,3,4294,1
Wilayah_070,Tanah Sareal,Periode_14,12439,6212,529,8,7,8,72,4,5113,1
Wilayah_070,Tanah Sareal,Periode_15,11877,5915,507,18,7,7,70,2,5650,1
Wilayah_071,Tanah Sareal,Periode_01,18589,9588,621,22,8,7,118,6,8907,0
Wilayah_071,Tanah Sareal,Periode_02,16361,12331,644,19,10,5,90,4,7639,0
Wilayah_071,Tanah Sareal,Periode_03,19641,11028,664,16,9,5,103,4,9287,0
Wilayah_071,Tanah Sareal,Periode_04,18987,10668,681,13,7,4,114,7,8776,0
Wilayah_071,Tanah Sareal,Periode_05,19594,11632,600,15,8,6,110,7,8352,0
Wilayah_071,Tanah Sareal,Periode_06,16105,9298,719,14,10,7,130,5,6467,0
Wilayah_071,Tanah Sareal,Periode_07,17910,10950,724,23,12,7,126,6,8402,0
Wilayah_071,Tanah Sareal,Periode_08,15504,10490,377,15,9,2,104,7,7626,2
Wilayah_071,Tanah Sareal,Periode_09,16345,7980,628,17,10,10,95,7,7051,0
Wilayah_071,Tanah Sareal,Periode_10,19755,11933,765,24,6,9,119,5,9277,0
Wilayah_071,Tanah Sareal,Periode_11,21499,10734,675,19,9,6,140,6,8696,0
Wilayah_071,Tanah Sareal,Periode_12,16523,8929,654,15,12,6,113,6,6927,0
Wilayah_071,Tanah Sareal,Periode_13,17959,10027,582,12,8,4,72,5,7810,2
Wilayah_071,Tanah Sareal,Periode_14,21010,9415,635,21,10,9,102,5,8613,0
Wilayah_071,Tanah Sareal,Periode_15,18447,9606,769,25,10,3,90,7,7728,0
Wilayah_072,Bogor Timur,Periode_01,16050,8833,545,13,10,6,71,5,8119,2
Wilayah_072,Bogor Timur,Periode_02,17992,10523,786,19,8,4,104,6,7902,0
Wilayah_072,Bogor Timur,Periode_03,15861,11035,539,17,8,5,121,4,7368,2
Wilayah_072,Bogor Timur,Periode_04,19012,10545,741,12,11,7,123,7,8588,0
Wilayah_072,Bogor Timur,Periode_05,16890,10099,608,16,6,6,101,6,8161,0
Wilayah_072,Bogor Timur,Periode_06,18444,11217,578,18,9,8,80,4,7480,0
Wilayah_072,Bogor Timur,Periode_07,17170,10836,635,17,5,6,114,7,8603,0
Wilayah_072,Bogor Timur,Periode_08,19220,7750,628,19,8,9,119,4,8665,0
Wilayah_072,Bogor Timur,Periode_09,14904,11664,387,11,12,4,101,6,6677,2
Wilayah_072,Bogor Timur,Periode_10,19442,11150,800,18,9,3,109,6,9068,0
Wilayah_072,Bogor Timur,Periode_11,16075,9330,501,20,9,7,127,8,6169,0
Wilayah_072,Bogor Timur,Periode_12,16230,9605,489,8,12,5,101,3,7789,2
Wilayah_072,Bogor Timur,Periode_13,17719,10212,531,16,10,6,107,6,7711,0
Wilayah_072,Bogor Timur,Periode_14,17946,11571,448,14,8,7,105,5,8279,0
Wilayah_072,Bogor Timur,Periode_15,17049,10800,647,24,7,7,144,9,7489,0
Wilayah_073,Bogor Tengah,Periode_01,10602,6438,535,13,6,6,104,8,5623,2
Wilayah_073,Bogor Tengah,Periode_02,14385,8923,468,12,6,11,108,4,6415,2
Wilayah_073,Bogor Tengah,Periode_03,15482,9390,566,11,11,5,84,3,6429,2
Wilayah_073,Bogor Tengah,Periode_04,11837,9249,410,7,5,5,84,3,3644,1
Wilayah_073,Bogor Tengah,Periode_05,12793,5978,438,14,7,7,110,5,6020,2
Wilayah_073,Bogor Tengah,Periode_06,14699,8775,513,10,5,4,64,4,6568,1
Wilayah_073,Bogor Tengah,Periode_07,14526,9129,511,10,4,4,98,6,5741,2
Wilayah_073,Bogor Tengah,Periode_08,13783,7629,397,13,5,6,66,5,6930,1
Wilayah_073,Bogor Tengah,Periode_09,14747,8558,454,7,9,1,103,5,6211,2
Wilayah_073,Bogor Tengah,Periode_10,14414,9501,502,12,5,6,75,3,6480,2
Wilayah_073,Bogor Tengah,Periode_11,15685,5097,525,15,5,3,70,4,6568,1
Wilayah_073,Bogor Tengah,Periode_12,16307,7055,505,16,5,8,78,2,7572,2
Wilayah_073,Bogor Tengah,Periode_13,15235,8249,399,18,6,6,102,1,7083,2
Wilayah_073,Bogor Tengah,Periode_14,13378,9251,448,16,6,5,80,7,5380,2
Wilayah_073,Bogor Tengah,Periode_15,13108,8038,681,16,5,9,69,5,5875,2
Wilayah_074,Bogor Tengah,Periode_01,18501,8926,694,22,6,5,93,5,7413,0
Wilayah_074,Bogor Tengah,Periode_02,18127,10524,569,13,8,6,115,2,9230,0
Wilayah_074,Bogor Tengah,Periode_03,17585,8835,565,16,9,5,73,5,7341,2
Wilayah_074,Bogor Tengah,Periode_04,18856,10785,648,13,5,6,122,7,8613,0
Wilayah_074,Bogor Tengah,Periode_05,16205,7973,503,13,8,6,85,7,7821,2
Wilayah_074,Bogor Tengah,Periode_06,20499,12953,697,17,10,10,103,4,8847,0
Wilayah_074,Bogor Tengah,Periode_07,18752,9306,596,19,11,7,100,5,8473,0
Wilayah_074,Bogor Tengah,Periode_08,17924,9563,681,14,10,6,122,3,8291,0
Wilayah_074,Bogor Tengah,Periode_09,17587,11294,513,16,9,7,96,4,8040,0
Wilayah_074,Bogor Tengah,Periode_10,15036,9896,541,18,6,3,61,5,6084,2
Wilayah_074,Bogor Tengah,Periode_11,19946,11240,785,16,10,8,116,3,9796,0
Wilayah_074,Bogor Tengah,Periode_12,17023,8646,744,18,10,7,109,4,7437,0
Wilayah_074,Bogor Tengah,Periode_13,16156,9310,552,16,8,3,107,6,7141,2
Wilayah_074,Bogor Tengah,Periode_14,18226,7826,706,18,10,8,89,5,9096,0
Wilayah_074,Bogor Tengah,Periode_15,21702,11863,715,13,9,8,144,10,8989,0
Wilayah_075,Tanah Sareal,Periode_01,9392,4971,331,10,6,1,50,5,4555,1
Wilayah_075,Tanah Sareal,Periode_02,5364,5243,203,8,3,1,91,4,3279,1
Wilayah_075,Tanah Sareal,Periode_03,10001,7478,321,14,5,5,93,3,5022,1
Wilayah_075,Tanah Sareal,Periode_04,8920,4461,327,12,5,4,46,2,4132,1
Wilayah_075,Tanah Sareal,Periode_05,7905,6347,228,8,8,3,74,3,2879,1
Wilayah_075,Tanah Sareal,Periode_06,8317,7341,368,11,5,5,69,5,4192,1
Wilayah_075,Tanah Sareal,Periode_07,11999,5194,463,5,7,3,41,4,4513,1
Wilayah_075,Tanah Sareal,Periode_08,10881,5384,366,7,8,1,88,5,5345,1
Wilayah_075,Tanah Sareal,Periode_09,11624,5080,285,4,9,3,43,1,5314,1
Wilayah_075,Tanah Sareal,Periode_10,10074,7619,274,4,10,8,67,1,5014,1
Wilayah_075,Tanah Sareal,Periode_11,10617,4812,352,13,6,2,82,4,4912,1
Wilayah_075,Tanah Sareal,Periode_12,8797,2500,271,12,4,3,45,5,4232,1
Wilayah_075,Tanah Sareal,Periode_13,10898,6949,321,11,4,3,77,2,5299,1
Wilayah_075,Tanah Sareal,Periode_14,6984,6610,241,13,2,2,61,5,3119,1
Wilayah_075,Tanah Sareal,Periode_15,11195,7138,294,18,6,5,72,4,4727,1
Wilayah_076,Tanah Sareal,Periode_01,18511,8083,725,14,5,7,91,1,8952,2
Wilayah_076,Tanah Sareal,Periode_02,15558,9184,633,17,5,8,118,6,6458,2
Wilayah_076,Tanah Sareal,Periode_03,12472,6674,457,9,7,4,80,7,5295,1
Wilayah_076,Tanah Sareal,Periode_04,8350,8586,278,16,8,5,65,3,3435,1
Wilayah_076,Tanah Sareal,Periode_05,16639,8123,656,11,9,6,78,3,6437,2
Wilayah_076,Tanah Sareal,Periode_06,15223,7330,577,16,7,9,114,5,6448,2
Wilayah_076,Tanah Sareal,Periode_07,14048,9938,529,7,8,4,61,4,5558,1
Wilayah_076,Tanah Sareal,Periode_08,12879,7781,308,8,9,5,94,6,5965,1
Wilayah_076,Tanah Sareal,Periode_09,16358,9255,782,15,7,8,76,4,7571,2
Wilayah_076,Tanah Sareal,Periode_10,14280,9089,577,21,9,7,102,4,6707,2
Wilayah_076,Tanah Sareal,Periode_11,15117,8000,484,17,9,8,96,6,6673,2
Wilayah_076,Tanah Sareal,Periode_12,15947,8787,507,16,4,9,91,6,7517,2
Wilayah_076,Tanah Sareal,Periode_13,13279,9042,399,12,10,4,103,4,5892,2
Wilayah_076,Tanah Sareal,Periode_14,11552,7971,454,20,6,3,97,4,5088,2
Wilayah_076,Tanah Sareal,Periode_15,15591,8790,592,13,7,4,89,5,6554,2
Wilayah_077,Bogor Timur,Periode_01,15755,9275,513,17,9,6,99,7,7782,2
Wilayah_077,Bogor Timur,Periode_02,18300,10551,533,21,10,7,106,8,8457,0
Wilayah_077,Bogor Timur,Periode_03,18454,9186,576,17,8,8,96,8,7659,0
Wilayah_077,Bogor Timur,Periode_04,19097,8562,649,16,11,8,100,10,8475,0
Wilayah_077,Bogor Timur,Periode_05,19916,9861,582,13,8,6,120,6,9264,0
Wilayah_077,Bogor Timur,Periode_06,17253,10260,585,16,11,8,105,5,7781,0
Wilayah_077,Bogor Timur,Periode_07,16866,9034,539,14,10,8,90,8,7432,0
Wilayah_077,Bogor Timur,Periode_08,19677,11836,663,15,9,9,103,6,8760,0
Wilayah_077,Bogor Timur,Periode_09,17499,9483,520,16,2,5,103,6,7740,2
Wilayah_077,Bogor Timur,Periode_10,18072,8569,498,20,8,9,56,8,8098,0
Wilayah_077,Bogor Timur,Periode_11,13748,10605,450,19,11,3,94,4,5280,2
Wilayah_077,Bogor Timur,Periode_12,15688,11489,707,13,11,7,95,5,7386,0
Wilayah_077,Bogor Timur,Periode_13,23054,9724,780,17,8,7,127,5,9792,0
Wilayah_077,Bogor Timur,Periode_14,18863,10208,690,13,8,7,117,5,8952,0
Wilayah_077,Bogor Timur,Periode_15,16912,10297,561,16,8,6,61,4,7296,2
Wilayah_078,Tanah Sareal,Periode_01,14521,7155,475,9,12,4,68,5,6150,2
Wilayah_078,Tanah Sareal,Periode_02,14048,8383,640,12,8,4,94,5,6825,2
Wilayah_078,Tanah Sareal,Periode_03,11694,8438,364,15,6,2,46,3,5757,1
Wilayah_078,Tanah Sareal,Periode_04,9965,5773,283,13,7,5,83,2,3875,1
Wilayah_078,Tanah Sareal,Periode_05,12290,8855,369,13,10,6,86,5,5792,2
Wilayah_078,Tanah Sareal,Periode_06,12220,7968,442,16,6,1,98,2,6125,1
Wilayah_078,Tanah Sareal,Periode_07,12396,5612,488,10,8,2,74,2,5641,1
Wilayah_078,Tanah Sareal,Periode_08,10122,8797,439,12,6,4,83,3,5051,1
Wilayah_078,Tanah Sareal,Periode_09,11731,7117,388,10,4,7,65,4,5016,1
Wilayah_078,Tanah Sareal,Periode_10,11418,5740,375,9,7,2,114,5,5144,1
Wilayah_078,Tanah Sareal,Periode_11,13794,4789,465,11,5,4,61,4,5252,1
Wilayah_078,Tanah Sareal,Periode_12,10260,5578,294,12,3,3,84,7,4855,1
Wilayah_078,Tanah Sareal,Periode_13,10576,7837,346,15,7,2,69,1,3616,1
Wilayah_078,Tanah Sareal,Periode_14,10920,6119,582,17,9,4,116,4,5402,2
Wilayah_078,Tanah Sareal,Periode_15,11279,7734,381,10,2,4,92,5,5102,1
Wilayah_079,Tanah Sareal,Periode_01,18817,10282,546,22,8,5,155,8,8243,0
Wilayah_079,Tanah Sareal,Periode_02,15354,8689,506,13,10,7,113,5,7007,2
Wilayah_079,Tanah Sareal,Periode_03,19203,10838,553,19,9,6,101,4,8310,0
Wilayah_079,Tanah Sareal,Periode_04,17151,11140,582,21,7,7,80,6,7942,0
Wilayah_079,Tanah Sareal,Periode_05,18123,10858,452,9,8,8,106,7,7554,2
Wilayah_079,Tanah Sareal,Periode_06,19236,10318,821,18,10,9,110,7,9330,0
Wilayah_079,Tanah Sareal,Periode_07,19955,9074,672,20,10,4,110,5,8495,0
Wilayah_079,Tanah Sareal,Periode_08,21822,12846,766,16,6,6,115,3,9342,0
Wilayah_079,Tanah Sareal,Periode_09,14958,9261,536,18,11,5,108,5,6486,2
Wilayah_079,Tanah Sareal,Periode_10,18779,10805,618,17,9,8,135,4,7992,0
Wilayah_079,Tanah Sareal,Periode_11,16419,11029,504,15,10,3,107,4,6884,2
Wilayah_079,Tanah Sareal,Periode_12,15329,9959,595,17,8,8,88,3,7074,2
Wilayah_079,Tanah Sareal,Periode_13,18929,9926,749,15,11,4,109,2,8959,0
Wilayah_079,Tanah Sareal,Periode_14,21351,9797,751,15,8,7,78,7,9691,0
Wilayah_079,Tanah Sareal,Periode_15,17939,10894,543,22,8,5,118,6,8084,0
Wilayah_080,Bogor Utara,Periode_01,15499,6892,560,12,9,9,99,2,7727,2
Wilayah_080,Bogor Utara,Periode_02,15386,8639,518,12,7,8,70,2,6189,2
Wilayah_080,Bogor Utara,Periode_03,13522,8342,428,10,8,7,103,3,5459,2
Wilayah_080,Bogor Utara,Periode_04,18394,7485,757,13,9,8,60,5,8991,0
Wilayah_080,Bogor Utara,Periode_05,13999,6913,555,19,7,4,89,4,5991,2
Wilayah_080,Bogor Utara,Periode_06,14173,11670,584,14,7,8,71,5,5819,2
Wilayah_080,Bogor Utara,Periode_07,17201,8341,593,17,5,1,83,5,7816,2
Wilayah_080,Bogor Utara,Periode_08,13576,9137,438,18,9,5,105,1,6787,2
Wilayah_080,Bogor Utara,Periode_09,16405,8048,483,14,3,6,95,7,7285,2
Wilayah_080,Bogor Utara,Periode_10,11459,9144,375,14,7,5,69,5,5433,1
Wilayah_080,Bogor Utara,Periode_11,10798,8304,438,14,7,5,74,4,5874,1
Wilayah_080,Bogor Utara,Periode_12,13639,7667,498,11,5,4,75,8,6913,2
Wilayah_080,Bogor Utara,Periode_13,11538,8907,259,12,7,6,63,4,4833,1
Wilayah_080,Bogor Utara,Periode_14,15573,7579,578,15,8,7,112,7,7015,2
Wilayah_080,Bogor Utara,Periode_15,13911,7522,420,13,12,5,103,4,6390,2
Wilayah_081,Bogor Utara,Periode_01,11717,8880,355,13,10,7,109,3,3886,2
Wilayah_081,Bogor Utara,Periode_02,13157,8568,454,10,9,3,106,4,5385,2
Wilayah_081,Bogor Utara,Periode_03,16555,7630,452,10,7,5,94,5,7899,2
Wilayah_081,Bogor Utara,Periode_04,12925,6536,469,14,3,3,72,5,6285,1
Wilayah_081,Bogor Utara,Periode_05,13357,6343,544,12,8,6,49,5,5618,1
Wilayah_081,Bogor Utara,Periode_06,13111,7950,438,12,6,6,61,5,5715,1
Wilayah_081,Bogor Utara,Periode_07,12499,8725,364,12,8,4,63,7,5606,1
Wilayah_081,Bogor Utara,Periode_08,16309,8042,546,16,2,1,103,4,7797,2
Wilayah_081,Bogor Utara,Periode_09,15390,8594,482,13,5,4,99,2,7402,2
Wilayah_081,Bogor Utara,Periode_10,12613,6642,554,14,8,5,65,6,5901,2
Wilayah_081,Bogor Utara,Periode_11,13779,7447,494,13,6,8,94,4,6145,2
Wilayah_081,Bogor Utara,Periode_12,15238,6750,563,10,6,7,57,2,6051,1
Wilayah_081,Bogor Utara,Periode_13,14637,7556,472,6,7,5,63,7,6982,1
Wilayah_081,Bogor Utara,Periode_14,10984,7888,408,12,9,1,96,1,4566,1
Wilayah_081,Bogor Utara,Periode_15,11211,8234,251,15,9,3,83,4,4839,1
Wilayah_082,Bogor Barat,Periode_01,11068,9465,415,23,10,5,102,5,5313,2
Wilayah_082,Bogor Barat,Periode_02,20167,9868,641,17,7,10,117,6,9693,0
Wilayah_082,Bogor Barat,Periode_03,12641,12419,428,16,10,7,128,5,6039,2
Wilayah_082,Bogor Barat,Periode_04,16322,11090,608,13,8,10,105,5,7590,0
Wilayah_082,Bogor Barat,Periode_05,19725,10013,677,13,10,6,73,4,9302,0
Wilayah_082,Bogor Barat,Periode_06,18033,10698,724,15,13,7,84,6,7923,0
Wilayah_082,Bogor Barat,Periode_07,19485,10767,610,14,6,9,88,7,8842,0
Wilayah_082,Bogor Barat,Periode_08,18484,10732,622,13,4,6,124,4,8667,0
Wilayah_082,Bogor Barat,Periode_09,17002,12165,689,19,6,7,108,5,8504,0
Wilayah_082,Bogor Barat,Periode_10,15565,9851,746,18,5,5,68,5,6010,2
Wilayah_082,Bogor Barat,Periode_11,15874,8072,555,20,9,4,106,5,7709,2
Wilayah_082,Bogor Barat,Periode_12,17320,11043,627,19,10,7,91,5,7369,0
Wilayah_082,Bogor Barat,Periode_13,18059,10480,637,18,6,7,80,7,8608,0
Wilayah_082,Bogor Barat,Periode_14,20637,8450,611,17,4,9,125,5,9101,0
Wilayah_082,Bogor Barat,Periode_15,15563,8527,658,17,10,7,113,5,5836,2
Wilayah_083,Bogor Barat,Periode_01,19257,8726,527,19,8,9,104,6,8706,0
Wilayah_083,Bogor Barat,Periode_02,17514,8587,557,14,9,6,102,7,7926,2
Wilayah_083,Bogor Barat,Periode_03,21909,9073,743,25,7,10,112,6,9454,0
Wilayah_083,Bogor Barat,Periode_04,18527,12035,604,17,11,6,137,7,7895,0
Wilayah_083,Bogor Barat,Periode_05,18241,9198,529,18,10,8,107,5,8069,0
Wilayah_083,Bogor Barat,Periode_06,20025,12727,645,16,9,3,109,5,9407,0
Wilayah_083,Bogor Barat,Periode_07,13212,10693,410,18,7,11,102,5,6890,2
Wilayah_083,Bogor Barat,Periode_08,19678,10140,700,23,10,8,93,6,8847,0
Wilayah_083,Bogor Barat,Periode_09,20615,12631,543,23,4,4,78,6,9267,0
Wilayah_083,Bogor Barat,Periode_10,20986,12534,718,21,6,2,109,4,9413,0
Wilayah_083,Bogor Barat,Periode_11,20928,8766,706,14,7,8,130,2,10348,0
Wilayah_083,Bogor Barat,Periode_12,21343,9576,624,17,10,6,69,7,8805,0
Wilayah_083,Bogor Barat,Periode_13,20990,10194,641,18,8,11,106,7,10296,0
Wilayah_083,Bogor Barat,Periode_14,16427,9080,498,19,7,12,94,5,6989,0
Wilayah_083,Bogor Barat,Periode_15,21351,10677,815,14,11,4,92,6,9469,0
Wilayah_084,Bogor Utara,Periode_01,12233,6999,422,12,4,4,77,6,6605,1
Wilayah_084,Bogor Utara,Periode_02,10829,9021,329,17,6,3,66,6,5220,1
Wilayah_084,Bogor Utara,Periode_03,12571,7233,494,6,7,6,64,3,4723,1
Wilayah_084,Bogor Utara,Periode_04,13748,7749,453,19,8,7,78,3,5920,2
Wilayah_084,Bogor Utara,Periode_05,14552,6007,578,12,5,3,80,4,6411,1
Wilayah_084,Bogor Utara,Periode_06,15231,10050,477,9,6,4,91,4,6705,2
Wilayah_084,Bogor Utara,Periode_07,14661,7826,461,11,4,3,114,3,6000,1
Wilayah_084,Bogor Utara,Periode_08,10246,7240,325,14,5,2,78,2,4866,1
Wilayah_084,Bogor Utara,Periode_09,10061,6314,339,13,6,4,86,6,4911,1
Wilayah_084,Bogor Utara,Periode_10,14956,8656,548,14,5,5,62,2,5921,1
Wilayah_084,Bogor Utara,Periode_11,12792,6368,532,10,6,5,103,4,6224,1
Wilayah_084,Bogor Utara,Periode_12,14679,8590,498,14,6,5,107,5,6334,2
Wilayah_084,Bogor Utara,Periode_13,13802,8086,401,10,5,4,100,4,5989,1
Wilayah_084,Bogor Utara,Periode_14,12167,7748,459,8,4,2,80,3,4341,1
Wilayah_084,Bogor Utara,Periode_15,17768,7477,579,10,5,3,90,2,8662,2
Wilayah_085,Tanah Sareal,Periode_01,15258,8419,671,11,5,7,73,2,6370,2
Wilayah_085,Tanah Sareal,Periode_02,12540,8463,322,8,6,5,62,2,5240,1
Wilayah_085,Tanah Sareal,Periode_03,12205,6737,502,6,4,4,98,6,6130,1
Wilayah_085,Tanah Sareal,Periode_04,7534,6746,258,8,6,3,61,3,3538,1
Wilayah_085,Tanah Sareal,Periode_05,13987,7828,401,15,5,3,64,3,6172,1
Wilayah_085,Tanah Sareal,Periode_06,11049,7052,421,8,5,4,45,2,5408,1
Wilayah_085,Tanah Sareal,Periode_07,8961,7433,169,16,6,3,67,4,3797,1
Wilayah_085,Tanah Sareal,Periode_08,11901,6293,494,13,9,2,59,4,6264,1
Wilayah_085,Tanah Sareal,Periode_09,12061,5826,444,9,8,5,76,6,5117,1
Wilayah_085,Tanah Sareal,Periode_10,9925,6033,431,12,8,2,89,1,3906,1
Wilayah_085,Tanah Sareal,Periode_11,12066,8106,404,9,6,4,95,5,4928,1
Wilayah_085,Tanah Sareal,Periode_12,12203,6642,369,13,7,1,55,2,5598,1
Wilayah_085,Tanah Sareal,Periode_13,10612,7809,324,15,8,3,91,3,4741,1
Wilayah_085,Tanah Sareal,Periode_14,13002,7502,469,13,3,2,59,4,5484,1
Wilayah_085,Tanah Sareal,Periode_15,14177,4353,409,17,5,6,58,3,7306,1
Wilayah_086,Bogor Selatan,Periode_01,17900,12759,692,21,9,7,121,5,6873,0
Wilayah_086,Bogor Selatan,Periode_02,19628,10930,658,19,8,9,139,6,8139,0
Wilayah_086,Bogor Selatan,Periode_03,17456,9238,530,20,9,5,127,6,6673,0
Wilayah_086,Bogor Selatan,Periode_04,18641,11818,642,21,10,7,112,4,9357,0
Wilayah_086,Bogor Selatan,Periode_05,19012,10628,586,19,10,7,123,6,8429,0
Wilayah_086,Bogor Selatan,Periode_06,21231,10408,747,20,6,8,87,9,9351,0
Wilayah_086,Bogor Selatan,Periode_07,17742,11007,509,23,13,4,80,6,8614,0
Wilayah_086,Bogor Selatan,Periode_08,24421,9819,866,17,7,11,92,6,10119,0
Wilayah_086,Bogor Selatan,Periode_09,16931,9399,682,19,11,9,149,9,7780,0
Wilayah_086,Bogor Selatan,Periode_10,19664,11550,744,21,9,8,94,8,7457,0
Wilayah_086,Bogor Selatan,Periode_11,18197,9700,665,20,10,4,93,5,8200,0
Wilayah_086,Bogor Selatan,Periode_12,18951,11945,699,24,13,6,159,6,8046,0
Wilayah_086,Bogor Selatan,Periode_13,18036,8293,541,22,12,7,107,5,8022,0
Wilayah_086,Bogor Selatan,Periode_14,17312,11042,720,18,10,9,124,5,7838,0
Wilayah_086,Bogor Selatan,Periode_15,20693,9426,600,19,10,10,123,5,9035,0
Wilayah_087,Bogor Tengah,Periode_01,20053,10725,781,21,13,9,122,7,9145,0
Wilayah_087,Bogor Tengah,Periode_02,18822,9577,717,20,7,4,130,4,9238,0
Wilayah_087,Bogor Tengah,Periode_03,15964,10149,510,24,10,8,102,7,8279,0
Wilayah_087,Bogor Tengah,Periode_04,17944,10451,581,16,10,9,100,7,7994,0
Wilayah_087,Bogor Tengah,Periode_05,20592,10583,738,15,11,6,99,8,8600,0
Wilayah_087,Bogor Tengah,Periode_06,20866,10430,756,16,10,7,106,6,10439,0
Wilayah_087,Bogor Tengah,Periode_07,16645,9701,568,20,8,6,120,6,7444,0
Wilayah_087,Bogor Tengah,Periode_08,18832,10282,702,17,11,5,83,5,8438,0
Wilayah_087,Bogor Tengah,Periode_09,19169,10731,590,17,7,7,141,6,7835,0
Wilayah_087,Bogor Tengah,Periode_10,18512,11831,789,14,9,8,106,3,7643,0
Wilayah_087,Bogor Tengah,Periode_11,20543,9977,541,19,11,4,102,5,9649,0
Wilayah_087,Bogor Tengah,Periode_12,15199,13085,538,22,8,7,122,5,6759,0
Wilayah_087,Bogor Tengah,Periode_13,22059,10612,881,17,9,9,126,9,9977,0
Wilayah_087,Bogor Tengah,Periode_14,20386,9616,630,18,8,6,125,4,9077,0
Wilayah_087,Bogor Tengah,Periode_15,17126,11857,603,25,8,8,114,7,7403,0
Wilayah_088,Bogor Tengah,Periode_01,10961,6800,313,7,5,2,79,4,3981,1
Wilayah_088,Bogor Tengah,Periode_02,12518,5629,374,5,1,5,29,1,5774,1
Wilayah_088,Bogor Tengah,Periode_03,11073,4237,313,10,4,2,59,4,4811,1
Wilayah_088,Bogor Tengah,Periode_04,11882,7984,295,9,8,1,44,2,6369,1
Wilayah_088,Bogor Tengah,Periode_05,9113,6330,403,13,5,3,71,4,3814,1
Wilayah_088,Bogor Tengah,Periode_06,15494,8313,467,16,4,5,39,5,6818,1
Wilayah_088,Bogor Tengah,Periode_07,9171,4561,443,14,6,4,57,4,4916,1
Wilayah_088,Bogor Tengah,Periode_08,11671,6180,407,8,3,3,86,1,5922,1
Wilayah_088,Bogor Tengah,Periode_09,11424,6249,534,18,6,2,55,4,5369,1
Wilayah_088,Bogor Tengah,Periode_10,13487,6228,632,12,4,6,60,4,5400,1
Wilayah_088,Bogor Tengah,Periode_11,8838,5207,464,9,6,5,44,5,4295,1
Wilayah_088,Bogor Tengah,Periode_12,12377,7541,606,14,1,5,37,3,5616,1
Wilayah_088,Bogor Tengah,Periode_13,9480,5514,252,14,6,6,62,7,3963,1
Wilayah_088,Bogor Tengah,Periode_14,11712,8132,354,9,5,9,61,2,5920,1
Wilayah_088,Bogor Tengah,Periode_15,10071,7434,312,6,7,4,87,4,4531,1
Wilayah_089,Bogor Timur,Periode_01,12481,6694,445,14,11,5,54,4,5374,1
Wilayah_089,Bogor Timur,Periode_02,15892,7519,644,12,9,2,103,3,7876,2
Wilayah_089,Bogor Timur,Periode_03,15564,8120,550,16,6,7,81,3,7163,2
Wilayah_089,Bogor Timur,Periode_04,13047,6819,395,16,6,3,99,5,6795,2
Wilayah_089,Bogor Timur,Periode_05,10227,5622,324,11,4,2,72,1,3869,1
Wilayah_089,Bogor Timur,Periode_06,12840,6083,563,12,11,6,59,4,6342,2
Wilayah_089,Bogor Timur,Periode_07,11856,7983,366,7,8,5,52,3,5678,1
Wilayah_089,Bogor Timur,Periode_08,12024,6919,533,12,9,7,57,3,5739,1
Wilayah_089,Bogor Timur,Periode_09,11173,6383,338,14,5,7,70,5,5135,1
Wilayah_089,Bogor Timur,Periode_10,12289,8691,373,8,6,5,61,6,5456,1
Wilayah_089,Bogor Timur,Periode_11,9277,6060,261,15,7,7,40,5,4504,1
Wilayah_089,Bogor Timur,Periode_12,9761,7618,334,7,4,3,84,2,3935,1
Wilayah_089,Bogor Timur,Periode_13,13012,5579,459,15,5,5,58,3,5076,1
Wilayah_089,Bogor Timur,Periode_14,13185,6780,421,20,7,5,64,8,5471,2
Wilayah_089,Bogor Timur,Periode_15,11428,6456,452,12,9,5,76,6,4594,1
Wilayah_090,Tanah Sareal,Periode_01,14229,5646,542,6,6,4,47,3,6022,1
Wilayah_090,Tanah Sareal,Periode_02,10242,5120,326,11,8,4,54,4,5462,1
Wilayah_090,Tanah Sareal,Periode_03,11686,6615,434,13,8,6,76,1,5851,1
Wilayah_090,Tanah Sareal,Periode_04,11068,6349,343,13,2,3,57,1,5727,1
Wilayah_090,Tanah Sareal,Periode_05,9306,5102,270,14,8,4,87,2,4301,1
Wilayah_090,Tanah Sareal,Periode_06,9571,5276,444,11,7,7,23,5,4334,1
Wilayah_090,Tanah Sareal,Periode_07,11299,6938,286,10,5,5,81,2,5185,1
Wilayah_090,Tanah Sareal,Periode_08,9349,5681,162,8,4,4,68,4,4199,1
Wilayah_090,Tanah Sareal,Periode_09,9904,6622,337,12,7,5,53,2,5272,1
Wilayah_090,Tanah Sareal,Periode_10,11060,5370,266,14,5,1,51,2,4998,1
Wilayah_090,Tanah Sareal,Periode_11,13488,6144,443,6,5,5,64,4,5734,1
Wilayah_090,Tanah Sareal,Periode_12,12060,6762,387,9,8,5,81,5,5689,1
Wilayah_090,Tanah Sareal,Periode_13,12806,7207,380,5,5,5,83,1,6127,1
Wilayah_090,Tanah Sareal,Periode_14,12461,5398,389,14,3,2,65,2,5164,1
Wilayah_090,Tanah Sareal,Periode_15,10978,6728,228,14,7,4,60,4,5104,1
Wilayah_091,Tanah Sareal,Periode_01,10103,8478,308,13,5,6,104,3,3976,1
Wilayah_091,Tanah Sareal,Periode_02,13620,5626,554,14,7,3,44,3,5683,1
Wilayah_091,Tanah Sareal,Periode_03,9066,6469,416,11,7,3,67,1,4394,1
Wilayah_091,Tanah Sareal,Periode_04,11498,4572,366,8,6,2,73,3,4996,1
Wilayah_091,Tanah Sareal,Periode_05,8284,6505,297,12,1,3,56,3,3741,1
Wilayah_091,Tanah Sareal,Periode_06,9982,4286,510,10,5,4,69,2,5149,1
Wilayah_091,Tanah Sareal,Periode_07,7851,6438,217,10,5,5,79,5,4192,1
Wilayah_091,Tanah Sareal,Periode_08,9779,5870,386,11,1,3,88,3,5512,1
Wilayah_091,Tanah Sareal,Periode_09,10074,5126,405,6,4,4,22,3,5393,1
Wilayah_091,Tanah Sareal,Periode_10,10804,5393,317,8,7,5,80,1,4250,1
Wilayah_091,Tanah Sareal,Periode_11,10080,7231,339,8,5,4,60,3,4461,1
Wilayah_091,Tanah Sareal,Periode_12,9712,5443,278,5,6,7,48,1,4059,1
Wilayah_091,Tanah Sareal,Periode_13,8276,6666,279,8,3,4,68,1,4337,1
Wilayah_091,Tanah Sareal,Periode_14,9494,6593,326,6,2,6,73,5,4737,1
Wilayah_091,Tanah Sareal,Periode_15,7748,5865,185,12,3,2,47,1,3103,1
Wilayah_092,Bogor Barat,Periode_01,13473,7394,384,13,5,5,79,7,6311,1
Wilayah_092,Bogor Barat,Periode_02,11996,7462,561,22,10,5,91,5,5570,2
Wilayah_092,Bogor Barat,Periode_03,10710,6642,496,8,9,5,73,4,5186,1
Wilayah_092,Bogor Barat,Periode_04,15326,6452,546,17,7,3,108,5,7280,2
Wilayah_092,Bogor Barat,Periode_05,15452,7199,432,13,5,3,69,8,7021,2
Wilayah_092,Bogor Barat,Periode_06,13421,8384,352,19,8,1,96,5,6746,2
Wilayah_092,Bogor Barat,Periode_07,12239,8278,285,11,3,7,81,1,5695,1
Wilayah_092,Bogor Barat,Periode_08,13776,4677,439,14,6,2,59,2,5882,1
Wilayah_092,Bogor Barat,Periode_09,15579,6165,594,14,10,8,77,5,6852,2
Wilayah_092,Bogor Barat,Periode_10,15556,8080,575,17,6,8,69,4,7314,2
Wilayah_092,Bogor Barat,Periode_11,11000,7787,507,19,7,10,81,4,5382,2
Wilayah_092,Bogor Barat,Periode_12,13366,7153,485,17,9,4,98,3,5443,2
Wilayah_092,Bogor Barat,Periode_13,15467,8836,628,11,8,9,69,7,6685,2
Wilayah_092,Bogor Barat,Periode_14,14499,7326,579,17,6,4,54,3,6859,2
Wilayah_092,Bogor Barat,Periode_15,12977,5979,482,10,8,4,63,5,5546,1
Wilayah_093,Bogor Utara,Periode_01,9030,6067,230,12,4,6,59,4,3601,1
Wilayah_093,Bogor Utara,Periode_02,13959,6543,443,11,3,4,49,3,6115,1
Wilayah_093,Bogor Utara,Periode_03,11701,7040,441,17,4,4,100,1,4116,1
Wilayah_093,Bogor Utara,Periode_04,12264,5209,443,8,1,2,75,2,6090,1
Wilayah_093,Bogor Utara,Periode_05,12318,5674,291,12,7,3,84,5,5534,1
Wilayah_093,Bogor Utara,Periode_06,13036,6451,561,5,5,6,88,1,5197,1
Wilayah_093,Bogor Utara,Periode_07,10594,6295,478,10,7,4,86,1,3640,1
Wilayah_093,Bogor Utara,Periode_08,10779,7046,320,12,5,4,67,4,4679,1
Wilayah_093,Bogor Utara,Periode_09,11048,6091,451,6,8,3,86,4,3929,1
Wilayah_093,Bogor Utara,Periode_10,12729,5418,292,9,5,5,92,4,6856,1
Wilayah_093,Bogor Utara,Periode_11,11424,7124,523,16,2,10,73,5,4693,1
Wilayah_093,Bogor Utara,Periode_12,10079,4975,186,16,4,4,62,5,4865,1
Wilayah_093,Bogor Utara,Periode_13,10925,6627,304,13,8,7,65,1,5033,1
Wilayah_093,Bogor Utara,Periode_14,11267,7245,278,12,4,4,53,2,5160,1
Wilayah_093,Bogor Utara,Periode_15,8794,4806,334,17,4,1,100,7,4335,1
Wilayah_094,Tanah Sareal,Periode_01,12589,8391,524,11,6,4,70,3,5177,1
Wilayah_094,Tanah Sareal,Periode_02,12178,6110,241,11,6,3,46,2,5862,1
Wilayah_094,Tanah Sareal,Periode_03,14535,4794,574,9,7,5,58,2,6828,1
Wilayah_094,Tanah Sareal,Periode_04,11264,7082,488,7,6,2,66,3,5045,1
Wilayah_094,Tanah Sareal,Periode_05,9679,5695,333,15,4,7,52,2,3413,1
Wilayah_094,Tanah Sareal,Periode_06,11606,5921,173,6,7,8,84,4,5212,1
Wilayah_094,Tanah Sareal,Periode_07,14238,5596,667,10,5,4,44,2,6815,1
Wilayah_094,Tanah Sareal,Periode_08,9991,6046,366,10,3,2,89,4,4802,1
Wilayah_094,Tanah Sareal,Periode_09,8687,6378,373,12,5,4,48,5,5390,1
Wilayah_094,Tanah Sareal,Periode_10,10319,6818,503,16,4,5,42,5,5420,1
Wilayah_094,Tanah Sareal,Periode_11,11832,6676,337,12,7,3,84,4,5187,1
Wilayah_094,Tanah Sareal,Periode_12,11245,5629,414,10,7,5,62,4,5717,1
Wilayah_094,Tanah Sareal,Periode_13,10084,7162,385,5,6,1,45,2,4151,1
Wilayah_094,Tanah Sareal,Periode_14,11005,7143,418,10,6,4,63,3,6069,1
Wilayah_094,Tanah Sareal,Periode_15,12708,4948,474,17,5,8,55,1,5428,1
Wilayah_095,Bogor Timur,Periode_01,14505,8586,474,13,6,3,69,6,5613,2
Wilayah_095,Bogor Timur,Periode_02,16023,9496,487,11,8,6,66,3,7753,2
Wilayah_095,Bogor Timur,Periode_03,13529,6952,571,13,9,6,69,3,6734,2
Wilayah_095,Bogor Timur,Periode_04,11603,5822,546,12,6,3,97,5,5073,1
Wilayah_095,Bogor Timur,Periode_05,16816,7174,760,11,9,4,69,3,7540,2
Wilayah_095,Bogor Timur,Periode_06,14413,6803,583,15,6,7,58,4,5958,2
Wilayah_095,Bogor Timur,Periode_07,13779,8717,437,16,6,9,91,3,5906,2
Wilayah_095,Bogor Timur,Periode_08,12870,6593,506,6,5,8,78,5,6005,1
Wilayah_095,Bogor Timur,Periode_09,12664,8322,270,12,9,4,71,8,6608,2
Wilayah_095,Bogor Timur,Periode_10,14774,8859,522,12,5,6,76,4,5698,2
Wilayah_095,Bogor Timur,Periode_11,14910,9967,458,11,2,5,101,3,7781,2
Wilayah_095,Bogor Timur,Periode_12,12853,5692,478,18,7,4,107,5,5860,2
Wilayah_095,Bogor Timur,Periode_13,15351,7007,345,15,7,4,98,4,6248,2
Wilayah_095,Bogor Timur,Periode_14,10944,6527,371,14,7,4,63,3,5333,1
Wilayah_095,Bogor Timur,Periode_15,18775,8936,756,12,9,5,87,7,7927,0
Wilayah_096,Bogor Tengah,Periode_01,18498,10601,644,18,11,9,78,3,8998,0
Wilayah_096,Bogor Tengah,Periode_02,19588,7711,557,16,9,10,102,4,8970,0
Wilayah_096,Bogor Tengah,Periode_03,17806,9932,607,19,5,7,112,3,7042,2
Wilayah_096,Bogor Tengah,Periode_04,16593,9433,588,17,6,7,81,6,8153,2
Wilayah_096,Bogor Tengah,Periode_05,16942,10514,535,19,7,1,83,6,8010,2
Wilayah_096,Bogor Tengah,Periode_06,17228,9491,605,16,10,9,119,7,8214,0
Wilayah_096,Bogor Tengah,Periode_07,19087,9125,473,19,10,5,82,6,8947,0
Wilayah_096,Bogor Tengah,Periode_08,17446,10834,638,16,11,7,97,5,6977,0
Wilayah_096,Bogor Tengah,Periode_09,18011,10052,644,17,11,8,113,5,9033,0
Wilayah_096,Bogor Tengah,Periode_10,16145,10981,714,16,11,9,123,6,6916,0
Wilayah_096,Bogor Tengah,Periode_11,18647,11033,688,19,10,5,112,6,8552,0
Wilayah_096,Bogor Tengah,Periode_12,14831,7451,639,19,10,4,118,6,5881,2
Wilayah_096,Bogor Tengah,Periode_13,18586,8563,747,23,8,2,88,4,7700,0
Wilayah_096,Bogor Tengah,Periode_14,16336,10479,544,14,12,11,108,4,8088,0
Wilayah_096,Bogor Tengah,Periode_15,13613,9047,337,17,6,3,107,5,5692,2
Wilayah_097,Tanah Sareal,Periode_01,19677,9408,684,19,6,7,131,6,9538,0
Wilayah_097,Tanah Sareal,Periode_02,19800,9879,571,15,9,7,132,7,10019,0
Wilayah_097,Tanah Sareal,Periode_03,17513,9835,609,17,9,8,115,7,8644,0
Wilayah_097,Tanah Sareal,Periode_04,18255,10432,620,19,9,7,115,4,8348,0
Wilayah_097,Tanah Sareal,Periode_05,19880,9563,548,23,10,8,103,6,8876,0
Wilayah_097,Tanah Sareal,Periode_06,18880,10739,861,18,7,5,106,4,8429,0
Wilayah_097,Tanah Sareal,Periode_07,19012,10873,584,24,13,6,89,5,8317,0
Wilayah_097,Tanah Sareal,Periode_08,19108,8855,622,24,10,6,121,4,8395,0
Wilayah_097,Tanah Sareal,Periode_09,17097,10056,492,16,7,10,102,4,8030,0
Wilayah_097,Tanah Sareal,Periode_10,18854,10089,651,14,9,8,122,5,8389,0
Wilayah_097,Tanah Sareal,Periode_11,18177,10246,699,19,11,5,108,7,9018,0
Wilayah_097,Tanah Sareal,Periode_12,17478,10309,619,17,7,7,81,5,7909,0
Wilayah_097,Tanah Sareal,Periode_13,19826,10412,844,19,11,5,96,6,9528,0
Wilayah_097,Tanah Sareal,Periode_14,17852,9030,637,18,5,8,147,6,8713,0
Wilayah_097,Tanah Sareal,Periode_15,17211,10130,681,18,13,7,100,3,7386,0
Wilayah_098,Bogor Timur,Periode_01,19453,9687,720,21,7,6,127,5,8212,0
Wilayah_098,Bogor Timur,Periode_02,21225,11546,560,18,6,5,104,4,10660,0
Wilayah_098,Bogor Timur,Periode_03,20346,11416,766,22,10,9,126,7,8994,0
Wilayah_098,Bogor Timur,Periode_04,18146,11146,537,18,7,10,107,5,7592,0
Wilayah_098,Bogor Timur,Periode_05,17961,12318,703,20,10,8,134,8,8749,0
Wilayah_098,Bogor Timur,Periode_06,13178,11481,473,23,8,8,95,6,5112,2
Wilayah_098,Bogor Timur,Periode_07,20796,11108,836,19,10,9,85,7,9352,0
Wilayah_098,Bogor Timur,Periode_08,20473,10851,758,21,10,8,116,5,8688,0
Wilayah_098,Bogor Timur,Periode_09,19769,8698,797,16,9,10,84,8,8769,0
Wilayah_098,Bogor Timur,Periode_10,20084,9566,669,16,7,7,91,6,10004,0
Wilayah_098,Bogor Timur,Periode_11,18510,10461,667,20,7,7,53,6,8179,0
Wilayah_098,Bogor Timur,Periode_12,18755,9561,679,22,9,5,115,3,8330,0
Wilayah_098,Bogor Timur,Periode_13,20779,10910,796,14,10,10,147,6,9603,0
Wilayah_098,Bogor Timur,Periode_14,16643,10523,664,16,12,7,113,4,7615,0
Wilayah_098,Bogor Timur,Periode_15,24330,9471,969,17,13,10,124,9,12064,0
Wilayah_099,Bogor Utara,Periode_01,18242,9375,750,16,6,6,126,4,8140,0
Wilayah_099,Bogor Utara,Periode_02,18989,9802,695,19,9,6,79,6,8732,0
Wilayah_099,Bogor Utara,Periode_03,16414,8004,557,17,12,7,102,5,7207,2
Wilayah_099,Bogor Utara,Periode_04,15573,8656,487,15,9,7,94,3,7208,2
Wilayah_099,Bogor Utara,Periode_05,18685,9109,729,19,8,9,106,6,7806,0
Wilayah_099,Bogor Utara,Periode_06,14798,10701,523,20,12,11,100,7,7086,0
Wilayah_099,Bogor Utara,Periode_07,16219,10329,530,16,5,6,71,3,7271,2
Wilayah_099,Bogor Utara,Periode_08,16905,10637,519,10,9,6,98,4,8061,2
Wilayah_099,Bogor Utara,Periode_09,16951,7252,525,21,2,6,126,8,8027,2
Wilayah_099,Bogor Utara,Periode_10,17913,9081,494,15,9,6,110,7,7511,0
Wilayah_099,Bogor Utara,Periode_11,10750,6196,400,15,7,7,85,5,4613,1
Wilayah_099,Bogor Utara,Periode_12,17936,7947,539,19,10,10,103,4,8077,0
Wilayah_099,Bogor Utara,Periode_13,17626,8592,515,14,9,7,111,4,7542,2
Wilayah_099,Bogor Utara,Periode_14,17329,9027,612,13,8,9,101,4,7812,0
Wilayah_099,Bogor Utara,Periode_15,12063,10569,326,17,9,7,93,6,4799,2
Wilayah_100,Bogor Tengah,Periode_01,18101,8697,660,13,8,7,116,5,7867,0
Wilayah_100,Bogor Tengah,Periode_02,10084,7944,496,16,8,9,48,3,4337,1
Wilayah_100,Bogor Tengah,Periode_03,15873,7619,660,13,9,5,91,2,6569,2
Wilayah_100,Bogor Tengah,Periode_04,15929,9137,601,17,8,5,84,5,7292,2
Wilayah_100,Bogor Tengah,Periode_05,16070,8376,547,18,8,6,108,5,7625,2
Wilayah_100,Bogor Tengah,Periode_06,13094,8099,442,17,3,6,99,4,5929,2
Wilayah_100,Bogor Tengah,Periode_07,13306,8962,426,13,6,7,61,4,5222,1
Wilayah_100,Bogor Tengah,Periode_08,14983,8918,405,18,9,6,114,5,6966,2
Wilayah_100,Bogor Tengah,Periode_09,17290,7578,658,16,9,5,114,5,7941,2
Wilayah_100,Bogor Tengah,Periode_10,15451,8799,651,16,8,4,102,5,7594,2
Wilayah_100,Bogor Tengah,Periode_11,14917,6670,483,16,10,5,76,4,6529,2
Wilayah_100,Bogor Tengah,Periode_12,13343,8257,540,14,10,9,105,5,6167,2
Wilayah_100,Bogor Tengah,Periode_13,17784,6414,644,15,10,7,87,7,8427,0
Wilayah_100,Bogor Tengah,Periode_14,17244,10055,591,11,10,4,77,2,8045,2
Wilayah_100,Bogor Tengah,Periode_15,10805,9073,326,13,6,5,89,6,4356,1
